Month;Freight Forwarder;Factory;shipment weight [kg]
1;F1;Plant 1;1.004.567
1;F1;Plant 3;249.228
1;F1;Plant 2;152.674
1;F2;Plant 1;781.777
1;F2;Plant 3;493.002
1;F2;Plant 2;56.699
1;F3;Plant 1;1.729.125
1;F3;Plant 3;940.943
1;F3;Plant 2;108.814
1;F4;Plant 1;992.721
1;F4;Plant 3;212.141
1;F4;Plant 2;605.449
1;F5;Plant 1;1.763.341
1;F5;Plant 3;940.574
1;F5;Plant 2;1.982.952
1;F6;Plant 1;326.231
1;F6;Plant 3;93.558
1;F6;Plant 2;196.450
1;F7;Plant 1;565.886
1;F7;Plant 3;341.175
1;F7;Plant 2;296.386
1;F8;Plant 1;152.743
1;F8;Plant 3;178.214
1;F8;Plant 2;599
1;F9;Plant 1;87.740
1;F9;Plant 3;191.762
1;F9;Plant 2;118.109
1;F10;Plant 1;34.612
1;F10;Plant 3;69.042
1;F10;Plant 2;667.200
1;F11;Plant 1;204.763
1;F11;Plant 3;332.164
1;F11;Plant 2;157
1;F12;Plant 3;1
1;F12;Plant 2;191.520
1;F13;Plant 1;1.601.727
1;F13;Plant 3;959.065
1;F13;Plant 2;77.313
1;F14;Plant 1;1.537.130
1;F14;Plant 3;552.874
1;F14;Plant 2;336.118
1;F15;Plant 1;987.439
1;F15;Plant 3;457.297
1;F15;Plant 2;10.341
1;F16;Plant 1;662.379
1;F16;Plant 3;347.655
1;F16;Plant 2;1.012.424
1;F17;Plant 1;381.838
1;F17;Plant 3;130.208
1;F17;Plant 2;111.177
1;F18;Plant 1;364.313
1;F18;Plant 3;115.126
1;F18;Plant 2;28.420
1;F19;Plant 1;733.240
1;F19;Plant 3;665.294
1;F19;Plant 2;197.250
1;F20;Plant 1;973.217
1;F20;Plant 3;653.278
1;F20;Plant 2;264.182
1;F21;Plant 1;293.746
1;F21;Plant 3;1.112.958
1;F21;Plant 2;370.914
1;F22;Plant 1;831.700
1;F22;Plant 3;986.023
1;F22;Plant 2;258.730
1;F23;Plant 1;260.154
1;F23;Plant 3;59.854
1;F23;Plant 2;138.111
1;F24;Plant 1;559.281
1;F24;Plant 3;235.389
1;F24;Plant 2;490.493
1;F25;Plant 1;519.138
1;F25;Plant 3;438.941
1;F25;Plant 2;554.848
1;F26;Plant 1;1.626.684
1;F26;Plant 3;909.783
1;F26;Plant 2;101.699
1;F27;Plant 1;30.272
1;F27;Plant 3;15.696
1;F27;Plant 2;20.860
2;F1;Plant 1;983.519
2;F1;Plant 3;311.896
2;F1;Plant 2;135.226
2;F2;Plant 1;870.213
2;F2;Plant 3;581.111
2;F2;Plant 2;56.642
2;F3;Plant 1;1.835.958
2;F3;Plant 3;1.181.301
2;F3;Plant 2;50.180
2;F4;Plant 1;1.085.941
2;F4;Plant 3;250.831
2;F4;Plant 2;390.449
2;F5;Plant 1;1.799.693
2;F5;Plant 3;1.050.801
2;F5;Plant 2;1.899.714
2;F6;Plant 1;359.580
2;F6;Plant 3;115.673
2;F6;Plant 2;251.443
2;F7;Plant 1;587.108
2;F7;Plant 3;402.381
2;F7;Plant 2;287.884
2;F8;Plant 1;162.769
2;F8;Plant 3;171.865
2;F8;Plant 2;1.599
2;F9;Plant 1;90.434
2;F9;Plant 3;200.612
2;F9;Plant 2;166.948
2;F10;Plant 1;48.205
2;F10;Plant 3;77.158
2;F10;Plant 2;483.872
2;F11;Plant 1;218.774
2;F11;Plant 3;393.922
2;F11;Plant 2;707
2;F12;Plant 2;159.547
2;F13;Plant 1;1.667.765
2;F13;Plant 3;1.151.978
2;F13;Plant 2;167.005
2;F14;Plant 1;1.649.965
2;F14;Plant 3;673.310
2;F14;Plant 2;419.761
2;F15;Plant 1;1.068.137
2;F15;Plant 3;546.818
2;F15;Plant 2;13.847
2;F16;Plant 1;692.190
2;F16;Plant 3;378.968
2;F16;Plant 2;929.405
2;F17;Plant 1;381.335
2;F17;Plant 3;104.554
2;F17;Plant 2;94.374
2;F18;Plant 1;349.835
2;F18;Plant 3;137.119
2;F18;Plant 2;11.094
2;F19;Plant 1;894.936
2;F19;Plant 3;740.944
2;F19;Plant 2;252.428
2;F20;Plant 1;995.727
2;F20;Plant 3;783.549
2;F20;Plant 2;227.511
2;F21;Plant 1;343.959
2;F21;Plant 3;1.310.229
2;F21;Plant 2;358.737
2;F22;Plant 1;726.798
2;F22;Plant 3;1.187.831
2;F22;Plant 2;247.671
2;F23;Plant 1;282.151
2;F23;Plant 3;69.948
2;F23;Plant 2;88.026
2;F24;Plant 1;621.570
2;F24;Plant 3;240.162
2;F24;Plant 2;432.136
2;F25;Plant 1;491.684
2;F25;Plant 3;512.201
2;F25;Plant 2;592.895
2;F26;Plant 1;1.747.149
2;F26;Plant 3;1.014.335
2;F26;Plant 2;93.005
2;F27;Plant 1;35.669
2;F27;Plant 3;16.739
2;F27;Plant 2;7.166
3;F1;Plant 1;864.972
3;F1;Plant 3;368.203
3;F1;Plant 2;150.262
3;F2;Plant 1;920.133
3;F2;Plant 3;563.759
3;F2;Plant 2;83.886
3;F3;Plant 1;2.007.767
3;F3;Plant 3;1.177.845
3;F3;Plant 2;52.606
3;F4;Plant 1;1.164.047
3;F4;Plant 3;194.343
3;F4;Plant 2;418.707
3;F5;Plant 1;1.973.080
3;F5;Plant 3;1.067.094
3;F5;Plant 2;1.612.524
3;F6;Plant 1;487.389
3;F6;Plant 3;139.299
3;F6;Plant 2;307.211
3;F7;Plant 1;617.707
3;F7;Plant 3;383.908
3;F7;Plant 2;323.429
3;F8;Plant 1;123.997
3;F8;Plant 3;219.558
3;F8;Plant 2;620
3;F9;Plant 1;116.165
3;F9;Plant 3;247.333
3;F9;Plant 2;133.912
3;F10;Plant 1;39.995
3;F10;Plant 3;76.426
3;F10;Plant 2;632.107
3;F11;Plant 1;205.032
3;F11;Plant 3;364.821
3;F11;Plant 2;31.332
3;F12;Plant 2;121.585
3;F13;Plant 1;1.798.008
3;F13;Plant 3;1.168.377
3;F13;Plant 2;212.706
3;F14;Plant 1;1.724.819
3;F14;Plant 3;707.909
3;F14;Plant 2;432.618
3;F15;Plant 1;1.100.902
3;F15;Plant 3;582.997
3;F15;Plant 2;13.427
3;F16;Plant 1;733.937
3;F16;Plant 3;399.814
3;F16;Plant 2;1.045.776
3;F17;Plant 1;388.347
3;F17;Plant 3;130.866
3;F17;Plant 2;101.762
3;F18;Plant 1;348.916
3;F18;Plant 3;160.108
3;F18;Plant 2;30.798
3;F19;Plant 1;1.065.893
3;F19;Plant 3;806.764
3;F19;Plant 2;283.556
3;F20;Plant 1;1.009.219
3;F20;Plant 3;851.878
3;F20;Plant 2;284.084
3;F21;Plant 1;292.041
3;F21;Plant 3;1.370.549
3;F21;Plant 2;354.555
3;F22;Plant 1;837.524
3;F22;Plant 3;1.267.591
3;F22;Plant 2;223.934
3;F23;Plant 1;310.579
3;F23;Plant 3;74.843
3;F23;Plant 2;125.090
3;F24;Plant 1;744.814
3;F24;Plant 3;210.315
3;F24;Plant 2;516.614
3;F25;Plant 1;482.685
3;F25;Plant 3;500.058
3;F25;Plant 2;503.938
3;F26;Plant 1;1.841.697
3;F26;Plant 3;1.088.479
3;F26;Plant 2;91.295
3;F27;Plant 1;37.195
3;F27;Plant 3;17.693
3;F27;Plant 2;8.399
4;F1;Plant 1;740.641
4;F1;Plant 3;267.893
4;F1;Plant 2;144.548
4;F2;Plant 1;868.510
4;F2;Plant 3;571.328
4;F2;Plant 2;96.493
4;F3;Plant 1;1.638.587
4;F3;Plant 3;1.182.425
4;F3;Plant 2;49.400
4;F4;Plant 1;1.059.633
4;F4;Plant 3;268.394
4;F4;Plant 2;366.748
4;F5;Plant 1;1.765.587
4;F5;Plant 3;924.658
4;F5;Plant 2;1.484.519
4;F6;Plant 1;480.454
4;F6;Plant 3;138.395
4;F6;Plant 2;275.003
4;F7;Plant 1;745.644
4;F7;Plant 3;356.472
4;F7;Plant 2;281.138
4;F8;Plant 1;141.729
4;F8;Plant 3;162.055
4;F8;Plant 2;1.027
4;F9;Plant 1;136.283
4;F9;Plant 3;313.142
4;F9;Plant 2;168.193
4;F10;Plant 1;36.768
4;F10;Plant 3;74.104
4;F10;Plant 2;529.245
4;F28;Plant 2;650
4;F11;Plant 1;268.316
4;F11;Plant 3;369.517
4;F11;Plant 2;80
4;F12;Plant 3;1
4;F12;Plant 2;86.667
4;F13;Plant 1;1.695.488
4;F13;Plant 3;1.191.625
4;F13;Plant 2;112.958
4;F14;Plant 1;1.634.656
4;F14;Plant 3;658.912
4;F14;Plant 2;430.185
4;F15;Plant 1;994.670
4;F15;Plant 3;565.266
4;F15;Plant 2;23.422
4;F16;Plant 1;694.751
4;F16;Plant 3;360.478
4;F16;Plant 2;889.511
4;F17;Plant 1;341.964
4;F17;Plant 3;141.341
4;F17;Plant 2;94.259
4;F18;Plant 1;324.088
4;F18;Plant 3;141.859
4;F18;Plant 2;16.304
4;F19;Plant 1;1.002.887
4;F19;Plant 3;777.245
4;F19;Plant 2;229.387
4;F20;Plant 1;1.018.017
4;F20;Plant 3;798.819
4;F20;Plant 2;345.290
4;F21;Plant 1;268.307
4;F21;Plant 3;1.273.529
4;F21;Plant 2;360.327
4;F22;Plant 1;793.751
4;F22;Plant 3;1.352.491
4;F22;Plant 2;210.492
4;F23;Plant 1;289.732
4;F23;Plant 3;77.910
4;F23;Plant 2;93.114
4;F24;Plant 1;737.520
4;F24;Plant 3;247.466
4;F24;Plant 2;597.596
4;F25;Plant 1;496.359
4;F25;Plant 3;572.912
4;F25;Plant 2;333.900
4;F26;Plant 1;1.740.728
4;F26;Plant 3;987.087
4;F26;Plant 2;103.636
4;F27;Plant 1;30.848
4;F27;Plant 3;20.769
4;F27;Plant 2;21.455
5;F1;Plant 1;716.764
5;F1;Plant 3;296.374
5;F1;Plant 2;144.166
5;F2;Plant 1;735.021
5;F2;Plant 3;568.609
5;F2;Plant 2;58.459
5;F3;Plant 1;1.394.328
5;F3;Plant 3;1.146.944
5;F3;Plant 2;53.778
5;F4;Plant 1;812.570
5;F4;Plant 3;221.727
5;F4;Plant 2;451.656
5;F5;Plant 1;1.796.008
5;F5;Plant 3;994.593
5;F5;Plant 2;1.726.631
5;F6;Plant 1;353.586
5;F6;Plant 3;137.725
5;F6;Plant 2;203.392
5;F7;Plant 1;592.912
5;F7;Plant 3;350.274
5;F7;Plant 2;302.101
5;F8;Plant 1;121.923
5;F8;Plant 3;194.630
5;F8;Plant 2;3.758
5;F9;Plant 1;57.322
5;F9;Plant 3;284.285
5;F9;Plant 2;137.746
5;F10;Plant 1;37.488
5;F10;Plant 3;79.345
5;F10;Plant 2;520.447
5;F11;Plant 1;172.890
5;F11;Plant 3;371.487
5;F11;Plant 2;20.562
5;F12;Plant 3;2.729
5;F12;Plant 2;134.924
5;F13;Plant 1;1.457.895
5;F13;Plant 3;1.116.978
5;F13;Plant 2;207.039
5;F14;Plant 1;1.345.633
5;F14;Plant 3;677.117
5;F14;Plant 2;364.833
5;F15;Plant 1;932.171
5;F15;Plant 3;566.020
5;F15;Plant 2;9.462
5;F16;Plant 1;739.203
5;F16;Plant 3;389.597
5;F16;Plant 2;1.035.577
5;F17;Plant 1;464.950
5;F17;Plant 3;137.280
5;F17;Plant 2;107.779
5;F18;Plant 1;276.379
5;F18;Plant 3;165.392
5;F18;Plant 2;14.648
5;F19;Plant 1;745.508
5;F19;Plant 3;875.851
5;F19;Plant 2;217.879
5;F20;Plant 1;999.684
5;F20;Plant 3;716.505
5;F20;Plant 2;306.754
5;F21;Plant 1;245.004
5;F21;Plant 3;1.262.113
5;F21;Plant 2;114.089
5;F22;Plant 1;721.332
5;F22;Plant 3;1.399.614
5;F22;Plant 2;223.889
5;F23;Plant 1;268.802
5;F23;Plant 3;73.340
5;F23;Plant 2;195.856
5;F24;Plant 1;609.630
5;F24;Plant 3;278.197
5;F24;Plant 2;477.930
5;F25;Plant 1;421.716
5;F25;Plant 3;511.588
5;F25;Plant 2;386.222
5;F26;Plant 1;1.562.171
5;F26;Plant 3;1.027.994
5;F26;Plant 2;106.807
5;F27;Plant 1;27.817
5;F27;Plant 3;11.318
5;F27;Plant 2;5.242
6;F1;Plant 1;660.710
6;F1;Plant 3;233.667
6;F1;Plant 2;112.514
6;F2;Plant 1;623.379
6;F2;Plant 3;516.014
6;F2;Plant 2;24.197
6;F3;Plant 1;1.267.035
6;F3;Plant 3;1.084.981
6;F3;Plant 2;37.999
6;F4;Plant 1;745.726
6;F4;Plant 3;206.691
6;F4;Plant 2;201.775
6;F5;Plant 1;1.565.148
6;F5;Plant 3;836.201
6;F5;Plant 2;1.003.267
6;F6;Plant 1;267.585
6;F6;Plant 3;122.932
6;F6;Plant 2;121.409
6;F7;Plant 1;468.725
6;F7;Plant 3;298.101
6;F7;Plant 2;194.177
6;F8;Plant 1;84.938
6;F8;Plant 3;139.968
6;F8;Plant 2;207
6;F9;Plant 1;56.223
6;F9;Plant 3;162.993
6;F9;Plant 2;93.448
6;F10;Plant 1;33.297
6;F10;Plant 3;73.438
6;F10;Plant 2;494.243
6;F11;Plant 1;121.898
6;F11;Plant 3;327.262
6;F11;Plant 2;223
6;F12;Plant 3;2.097
6;F12;Plant 2;157.089
6;F13;Plant 1;1.385.677
6;F13;Plant 3;1.102.558
6;F13;Plant 2;86.884
6;F29;Plant 1;50
6;F14;Plant 1;1.147.260
6;F14;Plant 3;618.199
6;F14;Plant 2;231.128
6;F15;Plant 1;846.287
6;F15;Plant 3;508.519
6;F15;Plant 2;8.686
6;F16;Plant 1;608.098
6;F16;Plant 3;351.345
6;F16;Plant 2;581.236
6;F17;Plant 1;362.005
6;F17;Plant 3;106.392
6;F17;Plant 2;53.213
6;F18;Plant 1;326.599
6;F18;Plant 3;166.022
6;F18;Plant 2;4.563
6;F19;Plant 1;787.770
6;F19;Plant 3;814.255
6;F19;Plant 2;122.074
6;F20;Plant 1;854.308
6;F20;Plant 3;639.847
6;F20;Plant 2;154.970
6;F21;Plant 1;219.414
6;F21;Plant 3;1.170.918
6;F21;Plant 2;35.660
6;F22;Plant 1;750.679
6;F22;Plant 3;1.126.026
6;F22;Plant 2;135.910
6;F23;Plant 1;264.732
6;F23;Plant 3;55.947
6;F23;Plant 2;100.882
6;F24;Plant 1;561.737
6;F24;Plant 3;245.037
6;F24;Plant 2;87.183
6;F25;Plant 1;288.709
6;F25;Plant 3;468.293
6;F25;Plant 2;249.602
6;F26;Plant 1;1.362.721
6;F26;Plant 3;961.396
6;F26;Plant 2;58.018
6;F27;Plant 1;28.102
6;F27;Plant 3;16.978
6;F27;Plant 2;36.902
7;F1;Plant 1;522.871
7;F1;Plant 3;263.603
7;F1;Plant 2;87.786
7;F2;Plant 1;513.122
7;F2;Plant 3;563.569
7;F2;Plant 2;242.957
7;F3;Plant 1;1.292.218
7;F3;Plant 3;1.395.547
7;F3;Plant 2;37.084
7;F4;Plant 1;959.701
7;F4;Plant 3;437.595
7;F4;Plant 2;348.052
7;F5;Plant 1;1.880.691
7;F5;Plant 3;1.070.286
7;F5;Plant 2;1.458.341
7;F6;Plant 1;343.848
7;F6;Plant 3;173.157
7;F6;Plant 2;138.066
7;F7;Plant 1;565.555
7;F7;Plant 3;386.910
7;F7;Plant 2;226.866
7;F8;Plant 1;112.569
7;F8;Plant 3;232.146
7;F8;Plant 2;1.093
7;F9;Plant 1;72.996
7;F9;Plant 3;278.203
7;F9;Plant 2;116.732
7;F10;Plant 1;37.906
7;F10;Plant 3;95.067
7;F10;Plant 2;454.426
7;F11;Plant 1;167.165
7;F11;Plant 3;486.410
7;F11;Plant 2;17.136
7;F12;Plant 3;2.083
7;F12;Plant 2;191.057
7;F13;Plant 1;1.553.487
7;F13;Plant 3;1.348.740
7;F13;Plant 2;212.076
7;F14;Plant 1;1.446.653
7;F14;Plant 3;866.990
7;F14;Plant 2;316.140
7;F15;Plant 1;1.082.808
7;F15;Plant 3;671.312
7;F15;Plant 2;18.535
7;F16;Plant 1;687.551
7;F16;Plant 3;471.466
7;F16;Plant 2;893.258
7;F17;Plant 1;368.438
7;F17;Plant 3;152.059
7;F17;Plant 2;115.497
7;F18;Plant 1;336.740
7;F18;Plant 3;188.962
7;F18;Plant 2;20.510
7;F19;Plant 1;778.682
7;F19;Plant 3;1.092.008
7;F19;Plant 2;241.065
7;F20;Plant 1;1.516.308
7;F20;Plant 3;984.395
7;F20;Plant 2;56.423
7;F21;Plant 1;264.354
7;F21;Plant 3;1.360.105
7;F22;Plant 1;925.901
7;F22;Plant 3;1.533.665
7;F22;Plant 2;189.748
7;F23;Plant 1;337.833
7;F23;Plant 3;86.426
7;F23;Plant 2;225.426
7;F24;Plant 1;638.425
7;F24;Plant 3;261.175
7;F24;Plant 2;172.448
7;F25;Plant 1;432.170
7;F25;Plant 3;557.676
7;F25;Plant 2;432.596
7;F26;Plant 1;1.748.687
7;F26;Plant 3;1.363.178
7;F26;Plant 2;115.496
7;F27;Plant 1;32.421
7;F27;Plant 3;17.059
7;F27;Plant 2;29.347
8;F1;Plant 1;352.709
8;F1;Plant 3;240.393
8;F1;Plant 2;169.046
8;F2;Plant 1;310.131
8;F2;Plant 3;484.679
8;F2;Plant 2;235.691
8;F3;Plant 1;846.431
8;F3;Plant 3;1.301.177
8;F3;Plant 2;44.740
8;F4;Plant 1;688.043
8;F4;Plant 3;406.496
8;F4;Plant 2;356.115
8;F5;Plant 1;1.470.249
8;F5;Plant 3;1.108.286
8;F5;Plant 2;1.351.423
8;F6;Plant 1;164.118
8;F6;Plant 3;143.891
8;F6;Plant 2;174.579
8;F7;Plant 1;287.854
8;F7;Plant 3;379.981
8;F7;Plant 2;265.103
8;F8;Plant 1;115.524
8;F8;Plant 3;195.491
8;F8;Plant 2;835
8;F9;Plant 1;22.874
8;F9;Plant 3;312.923
8;F9;Plant 2;108.765
8;F10;Plant 1;21.044
8;F10;Plant 3;73.224
8;F10;Plant 2;433.433
8;F11;Plant 1;67.793
8;F11;Plant 3;397.963
8;F11;Plant 2;8.498
8;F12;Plant 3;2.229
8;F12;Plant 2;95.647
8;F13;Plant 1;1.057.825
8;F13;Plant 3;1.242.492
8;F13;Plant 2;178.309
8;F29;Plant 1;26
8;F14;Plant 1;965.957
8;F14;Plant 3;836.297
8;F14;Plant 2;384.508
8;F15;Plant 1;705.182
8;F15;Plant 3;623.846
8;F15;Plant 2;11.900
8;F16;Plant 1;559.503
8;F16;Plant 3;546.313
8;F16;Plant 2;926.624
8;F17;Plant 1;277.835
8;F17;Plant 3;156.074
8;F17;Plant 2;130.743
8;F18;Plant 1;195.209
8;F18;Plant 3;174.884
8;F18;Plant 2;30.118
8;F19;Plant 1;525.608
8;F19;Plant 3;1.127.853
8;F19;Plant 2;196.245
8;F20;Plant 1;1.044.020
8;F20;Plant 3;963.414
8;F20;Plant 2;64.066
8;F21;Plant 1;154.520
8;F21;Plant 3;1.217.079
8;F22;Plant 1;821.966
8;F22;Plant 3;1.377.384
8;F22;Plant 2;182.891
8;F23;Plant 1;223.047
8;F23;Plant 3;64.530
8;F23;Plant 2;116.026
8;F24;Plant 1;454.353
8;F24;Plant 3;321.044
8;F24;Plant 2;149.907
8;F25;Plant 1;312.323
8;F25;Plant 3;553.394
8;F25;Plant 2;326.361
8;F26;Plant 1;957.054
8;F26;Plant 3;1.271.693
8;F26;Plant 2;76.702
8;F27;Plant 1;17.311
8;F27;Plant 3;19.672
8;F27;Plant 2;10.027
9;F1;Plant 1;494.827
9;F1;Plant 3;271.354
9;F1;Plant 2;151.926
9;F2;Plant 1;480.896
9;F2;Plant 3;571.192
9;F2;Plant 2;190.612
9;F3;Plant 1;1.389.438
9;F3;Plant 3;1.444.466
9;F3;Plant 2;43.630
9;F4;Plant 1;990.281
9;F4;Plant 3;452.498
9;F4;Plant 2;428.080
9;F5;Plant 1;1.870.933
9;F5;Plant 3;1.082.574
9;F5;Plant 2;1.678.008
9;F6;Plant 1;287.596
9;F6;Plant 3;182.129
9;F6;Plant 2;277.762
9;F7;Plant 1;517.235
9;F7;Plant 3;392.560
9;F7;Plant 2;269.329
9;F8;Plant 1;114.886
9;F8;Plant 3;175.132
9;F8;Plant 2;1.535
9;F9;Plant 1;64.231
9;F9;Plant 3;309.480
9;F9;Plant 2;98.295
9;F10;Plant 1;40.792
9;F10;Plant 3;82.853
9;F10;Plant 2;604.743
9;F11;Plant 1;161.955
9;F11;Plant 3;446.226
9;F11;Plant 2;29.838
9;F12;Plant 3;947
9;F12;Plant 2;61.669
9;F13;Plant 1;1.653.146
9;F13;Plant 3;1.301.771
9;F13;Plant 2;220.016
9;F14;Plant 1;1.419.855
9;F14;Plant 3;885.979
9;F14;Plant 2;513.076
9;F15;Plant 1;1.037.103
9;F15;Plant 3;684.453
9;F15;Plant 2;14.144
9;F16;Plant 1;905.356
9;F16;Plant 3;699.925
9;F16;Plant 2;1.179.921
9;F17;Plant 1;407.786
9;F17;Plant 3;170.841
9;F17;Plant 2;110.823
9;F18;Plant 1;400.932
9;F18;Plant 3;173.991
9;F18;Plant 2;24.184
9;F19;Plant 1;985.894
9;F19;Plant 3;1.175.264
9;F19;Plant 2;265.610
9;F20;Plant 1;1.475.476
9;F20;Plant 3;896.574
9;F20;Plant 2;80.017
9;F21;Plant 1;521.945
9;F21;Plant 3;1.404.419
9;F21;Plant 2;11.262
9;F22;Plant 1;773.158
9;F22;Plant 3;1.416.417
9;F22;Plant 2;176.377
9;F23;Plant 1;325.734
9;F23;Plant 3;80.775
9;F23;Plant 2;108.163
9;F24;Plant 1;462.029
9;F24;Plant 3;296.250
9;F24;Plant 2;173.535
9;F25;Plant 1;413.906
9;F25;Plant 3;596.708
9;F25;Plant 2;430.747
9;F26;Plant 1;1.752.433
9;F26;Plant 3;1.307.696
9;F26;Plant 2;114.052
9;F27;Plant 1;25.394
9;F27;Plant 3;19.180
9;F27;Plant 2;51.322
10;F1;Plant 1;598.297
10;F1;Plant 3;275.681
10;F1;Plant 2;173.733
10;F2;Plant 1;534.301
10;F2;Plant 3;494.123
10;F2;Plant 2;358.465
10;F3;Plant 1;1.428.014
10;F3;Plant 3;1.277.209
10;F3;Plant 2;58.085
10;F4;Plant 1;1.015.633
10;F4;Plant 3;388.460
10;F4;Plant 2;456.501
10;F5;Plant 1;1.922.554
10;F5;Plant 3;989.434
10;F5;Plant 2;1.668.809
10;F6;Plant 1;362.698
10;F6;Plant 3;112.950
10;F6;Plant 2;245.812
10;F7;Plant 1;343.026
10;F7;Plant 3;334.216
10;F7;Plant 2;325.120
10;F8;Plant 1;95.271
10;F8;Plant 3;198.517
10;F8;Plant 2;820
10;F9;Plant 1;100.891
10;F9;Plant 3;373.813
10;F9;Plant 2;138.333
10;F10;Plant 1;43.565
10;F10;Plant 3;66.589
10;F10;Plant 2;611.196
10;F11;Plant 1;164.551
10;F11;Plant 3;412.199
10;F11;Plant 2;14.948
10;F12;Plant 3;1.457
10;F12;Plant 2;45.446
10;F13;Plant 1;1.884.501
10;F13;Plant 3;1.329.400
10;F13;Plant 2;196.269
10;F14;Plant 1;1.601.964
10;F14;Plant 3;541.091
10;F14;Plant 2;434.009
10;F15;Plant 1;1.166.284
10;F15;Plant 3;551.252
10;F15;Plant 2;27.671
10;F16;Plant 1;981.025
10;F16;Plant 3;508.273
10;F16;Plant 2;1.196.277
10;F17;Plant 1;482.725
10;F17;Plant 3;110.351
10;F17;Plant 2;116.554
10;F18;Plant 1;334.812
10;F18;Plant 3;175.376
10;F18;Plant 2;25.028
10;F19;Plant 1;989.623
10;F19;Plant 3;970.864
10;F19;Plant 2;254.190
10;F20;Plant 1;1.646.548
10;F20;Plant 3;798.319
10;F20;Plant 2;78.735
10;F21;Plant 1;412.615
10;F21;Plant 3;1.312.276
10;F21;Plant 2;9.742
10;F22;Plant 1;901.774
10;F22;Plant 3;1.889.288
10;F22;Plant 2;183.257
10;F23;Plant 1;335.945
10;F23;Plant 3;78.279
10;F23;Plant 2;114.140
10;F24;Plant 1;541.044
10;F24;Plant 3;304.789
10;F24;Plant 2;194.458
10;F25;Plant 1;438.300
10;F25;Plant 3;589.686
10;F25;Plant 2;396.126
10;F26;Plant 1;2.018.817
10;F26;Plant 3;1.108.761
10;F26;Plant 2;100.516
10;F27;Plant 1;34.262
10;F27;Plant 3;13.536
10;F27;Plant 2;49.587
11;F1;Plant 1;540.335
11;F1;Plant 3;306.575
11;F1;Plant 2;133.650
11;F2;Plant 1;709.479
11;F2;Plant 3;532.059
11;F2;Plant 2;258.192
11;F3;Plant 1;1.436.469
11;F3;Plant 3;1.410.787
11;F3;Plant 2;51.610
11;F4;Plant 1;927.808
11;F4;Plant 3;435.682
11;F4;Plant 2;477.361
11;F5;Plant 1;1.835.205
11;F5;Plant 3;1.151.771
11;F5;Plant 2;2.038.161
11;F6;Plant 1;350.115
11;F6;Plant 3;155.060
11;F6;Plant 2;360.892
11;F7;Plant 1;280.432
11;F7;Plant 3;368.284
11;F7;Plant 2;273.545
11;F8;Plant 1;76.997
11;F8;Plant 3;196.254
11;F8;Plant 2;1.240
11;F9;Plant 1;98.707
11;F9;Plant 3;341.222
11;F9;Plant 2;132.632
11;F10;Plant 1;37.492
11;F10;Plant 3;77.406
11;F10;Plant 2;581.993
11;F11;Plant 1;173.346
11;F11;Plant 3;373.287
11;F11;Plant 2;11.924
11;F12;Plant 3;1.935
11;F12;Plant 2;91.955
11;F13;Plant 1;1.671.997
11;F13;Plant 3;1.361.923
11;F13;Plant 2;173.269
11;F14;Plant 1;1.401.768
11;F14;Plant 3;627.469
11;F14;Plant 2;604.492
11;F15;Plant 1;1.107.830
11;F15;Plant 3;682.070
11;F15;Plant 2;24.420
11;F16;Plant 1;921.983
11;F16;Plant 3;585.713
11;F16;Plant 2;1.291.747
11;F17;Plant 1;384.530
11;F17;Plant 3;161.347
11;F17;Plant 2;125.549
11;F18;Plant 1;287.595
11;F18;Plant 3;196.545
11;F18;Plant 2;25.262
11;F19;Plant 1;927.601
11;F19;Plant 3;1.172.995
11;F19;Plant 2;334.464
11;F20;Plant 1;1.365.542
11;F20;Plant 3;995.748
11;F20;Plant 2;77.539
11;F21;Plant 1;197.535
11;F21;Plant 3;1.295.151
11;F21;Plant 2;45.678
11;F22;Plant 1;890.815
11;F22;Plant 3;1.955.038
11;F22;Plant 2;163.698
11;F23;Plant 1;267.788
11;F23;Plant 3;70.143
11;F23;Plant 2;88.166
11;F24;Plant 1;517.335
11;F24;Plant 3;269.630
11;F24;Plant 2;171.408
11;F25;Plant 1;436.083
11;F25;Plant 3;636.833
11;F25;Plant 2;405.737
11;F26;Plant 1;1.690.325
11;F26;Plant 3;1.257.941
11;F26;Plant 2;75.508
11;F27;Plant 1;32.173
11;F27;Plant 3;22.751
11;F27;Plant 2;25.663
12;F1;Plant 1;312.882
12;F1;Plant 3;221.469
12;F1;Plant 2;96.539
12;F2;Plant 1;466.294
12;F2;Plant 3;377.541
12;F2;Plant 2;218.688
12;F3;Plant 1;852.621
12;F3;Plant 3;1.017.297
12;F3;Plant 2;32.229
12;F4;Plant 1;578.235
12;F4;Plant 3;354.832
12;F4;Plant 2;292.089
12;F5;Plant 1;1.220.083
12;F5;Plant 3;957.252
12;F5;Plant 2;1.249.691
12;F6;Plant 1;177.454
12;F6;Plant 3;110.537
12;F6;Plant 2;198.969
12;F7;Plant 1;182.708
12;F7;Plant 3;293.387
12;F7;Plant 2;217.595
12;F8;Plant 1;59.997
12;F8;Plant 3;141.662
12;F8;Plant 2;821
12;F9;Plant 1;75.090
12;F9;Plant 3;268.757
12;F9;Plant 2;74.238
12;F10;Plant 1;22.423
12;F10;Plant 3;61.981
12;F10;Plant 2;333.931
12;F28;Plant 2;7.378
12;F11;Plant 1;88.630
12;F11;Plant 3;317.546
12;F11;Plant 2;3.148
12;F12;Plant 3;1.405
12;F12;Plant 2;33.978
12;F13;Plant 1;959.190
12;F13;Plant 3;1.087.972
12;F13;Plant 2;120.238
12;F14;Plant 1;852.620
12;F14;Plant 3;463.159
12;F14;Plant 2;395.204
12;F15;Plant 1;668.720
12;F15;Plant 3;540.759
12;F15;Plant 2;9.311
12;F16;Plant 1;487.279
12;F16;Plant 3;481.096
12;F16;Plant 2;829.669
12;F17;Plant 1;263.443
12;F17;Plant 3;123.160
12;F17;Plant 2;112.686
12;F18;Plant 1;205.888
12;F18;Plant 3;152.038
12;F18;Plant 2;42.540
12;F19;Plant 1;511.513
12;F19;Plant 3;888.876
12;F19;Plant 2;180.732
12;F20;Plant 1;780.873
12;F20;Plant 3;823.044
12;F20;Plant 2;45.915
12;F21;Plant 1;131.035
12;F21;Plant 3;1.015.782
12;F21;Plant 2;6.684
12;F22;Plant 1;468.124
12;F22;Plant 3;1.044.144
12;F22;Plant 2;140.866
12;F23;Plant 1;132.610
12;F23;Plant 3;67.544
12;F23;Plant 2;49.769
12;F24;Plant 1;225.811
12;F24;Plant 3;185.732
12;F24;Plant 2;88.091
12;F25;Plant 1;274.794
12;F25;Plant 3;526.101
12;F25;Plant 2;384.777
12;F26;Plant 1;1.014.849
12;F26;Plant 3;1.028.861
12;F26;Plant 2;26.862
12;F27;Plant 1;18.639
12;F27;Plant 3;15.045
12;F27;Plant 2;23.201
13;F1;Plant 1;377.860
13;F1;Plant 3;216.929
13;F1;Plant 2;172.927
13;F2;Plant 1;495.425
13;F2;Plant 3;435.612
13;F2;Plant 2;192.061
13;F3;Plant 1;1.180.452
13;F3;Plant 3;1.019.789
13;F3;Plant 2;39.099
13;F4;Plant 1;660.639
13;F4;Plant 3;367.495
13;F4;Plant 2;375.479
13;F5;Plant 1;1.224.157
13;F5;Plant 3;879.202
13;F5;Plant 2;1.760.320
13;F6;Plant 1;206.267
13;F6;Plant 3;128.045
13;F6;Plant 2;210.480
13;F7;Plant 1;159.397
13;F7;Plant 3;294.861
13;F7;Plant 2;297.628
13;F8;Plant 1;212.087
13;F8;Plant 3;166.081
13;F8;Plant 2;824
13;F9;Plant 1;70.300
13;F9;Plant 3;357.016
13;F9;Plant 2;102.329
13;F10;Plant 1;24.185
13;F10;Plant 3;66.415
13;F10;Plant 2;514.892
13;F11;Plant 1;79.690
13;F11;Plant 3;381.755
13;F11;Plant 2;17.645
13;F12;Plant 3;3.225
13;F12;Plant 2;55.784
13;F13;Plant 1;1.142.504
13;F13;Plant 3;1.175.983
13;F13;Plant 2;126.859
13;F14;Plant 1;943.951
13;F14;Plant 3;527.650
13;F14;Plant 2;639.414
13;F15;Plant 1;815.759
13;F15;Plant 3;529.364
13;F15;Plant 2;12.964
13;F16;Plant 1;613.538
13;F16;Plant 3;523.872
13;F16;Plant 2;1.329.604
13;F17;Plant 1;262.799
13;F17;Plant 3;123.702
13;F17;Plant 2;114.821
13;F18;Plant 1;201.669
13;F18;Plant 3;138.873
13;F18;Plant 2;37.800
13;F19;Plant 1;721.254
13;F19;Plant 3;945.651
13;F19;Plant 2;231.810
13;F20;Plant 1;923.182
13;F20;Plant 3;842.659
13;F20;Plant 2;65.788
13;F21;Plant 1;204.908
13;F21;Plant 3;1.255.142
13;F21;Plant 2;16.474
13;F22;Plant 1;739.461
13;F22;Plant 3;1.421.004
13;F22;Plant 2;269.926
13;F23;Plant 1;143.109
13;F23;Plant 3;61.189
13;F23;Plant 2;91.356
13;F24;Plant 1;429.762
13;F24;Plant 3;197.565
13;F24;Plant 2;159.727
13;F25;Plant 1;291.343
13;F25;Plant 3;488.104
13;F25;Plant 2;441.557
13;F26;Plant 1;1.216.268
13;F26;Plant 3;1.060.117
13;F26;Plant 2;52.387
13;F27;Plant 1;15.626
13;F27;Plant 3;17.268
13;F27;Plant 2;38.424
14;F1;Plant 1;559.889
14;F1;Plant 3;209.911
14;F1;Plant 2;139.267
14;F2;Plant 1;794.831
14;F2;Plant 3;446.072
14;F2;Plant 2;316.557
14;F3;Plant 1;1.267.618
14;F3;Plant 3;1.179.542
14;F3;Plant 2;41.839
14;F4;Plant 1;919.724
14;F4;Plant 3;385.971
14;F4;Plant 2;408.327
14;F5;Plant 1;1.745.612
14;F5;Plant 3;1.010.221
14;F5;Plant 2;2.124.683
14;F6;Plant 1;281.478
14;F6;Plant 3;133.253
14;F6;Plant 2;205.083
14;F7;Plant 1;311.522
14;F7;Plant 3;337.822
14;F7;Plant 2;318.911
14;F8;Plant 1;262.346
14;F8;Plant 3;165.961
14;F8;Plant 2;1.297
14;F9;Plant 1;155.613
14;F9;Plant 3;415.718
14;F9;Plant 2;131.721
14;F10;Plant 1;43.396
14;F10;Plant 3;70.539
14;F10;Plant 2;609.060
14;F11;Plant 1;134.693
14;F11;Plant 3;389.214
14;F11;Plant 2;20.029
14;F12;Plant 3;4.076
14;F12;Plant 2;23.043
14;F13;Plant 1;1.621.213
14;F13;Plant 3;1.203.788
14;F13;Plant 2;150.685
14;F14;Plant 1;1.385.198
14;F14;Plant 3;555.974
14;F14;Plant 2;610.513
14;F15;Plant 1;1.042.333
14;F15;Plant 3;585.000
14;F15;Plant 2;20.986
14;F16;Plant 1;880.515
14;F16;Plant 3;560.585
14;F16;Plant 2;1.259.070
14;F17;Plant 1;550.875
14;F17;Plant 3;127.573
14;F17;Plant 2;117.174
14;F18;Plant 1;307.083
14;F18;Plant 3;142.453
14;F18;Plant 2;29.962
14;F19;Plant 1;986.821
14;F19;Plant 3;1.026.119
14;F19;Plant 2;258.259
14;F20;Plant 1;1.478.655
14;F20;Plant 3;984.874
14;F20;Plant 2;70.477
14;F21;Plant 1;261.767
14;F21;Plant 3;1.376.506
14;F22;Plant 1;927.377
14;F22;Plant 3;1.607.902
14;F22;Plant 2;219.950
14;F23;Plant 1;204.172
14;F23;Plant 3;72.292
14;F23;Plant 2;92.913
14;F24;Plant 1;420.460
14;F24;Plant 3;226.276
14;F24;Plant 2;171.961
14;F25;Plant 1;468.677
14;F25;Plant 3;537.834
14;F25;Plant 2;501.040
14;F26;Plant 1;1.661.357
14;F26;Plant 3;1.128.213
14;F26;Plant 2;30.594
14;F27;Plant 1;25.427
14;F27;Plant 3;18.192
14;F27;Plant 2;9.127
15;F1;Plant 1;665.244
15;F1;Plant 3;220.482
15;F1;Plant 2;175.458
15;F2;Plant 1;953.167
15;F2;Plant 3;527.029
15;F2;Plant 2;487.066
15;F3;Plant 1;1.470.173
15;F3;Plant 3;1.288.179
15;F3;Plant 2;44.965
15;F4;Plant 1;1.085.240
15;F4;Plant 3;477.748
15;F4;Plant 2;443.854
15;F5;Plant 1;1.992.170
15;F5;Plant 3;1.130.491
15;F5;Plant 2;2.154.701
15;F6;Plant 1;379.757
15;F6;Plant 3;167.176
15;F6;Plant 2;321.000
15;F7;Plant 1;377.305
15;F7;Plant 3;410.593
15;F7;Plant 2;310.254
15;F8;Plant 1;332.786
15;F8;Plant 3;220.509
15;F8;Plant 2;1.057
15;F9;Plant 1;104.588
15;F9;Plant 3;458.769
15;F9;Plant 2;175.752
15;F10;Plant 1;44.412
15;F10;Plant 3;78.868
15;F10;Plant 2;649.210
15;F30;Plant 1;418.232
15;F30;Plant 3;1.425.274
15;F11;Plant 1;150.112
15;F11;Plant 3;409.177
15;F11;Plant 2;26.320
15;F12;Plant 3;7.194
15;F12;Plant 2;69.902
15;F13;Plant 1;1.943.197
15;F13;Plant 3;1.376.104
15;F13;Plant 2;182.393
15;F29;Plant 1;190
15;F29;Plant 2;33.790
15;F14;Plant 1;1.536.501
15;F14;Plant 3;587.803
15;F14;Plant 2;702.164
15;F15;Plant 1;1.261.886
15;F15;Plant 3;669.688
15;F15;Plant 2;43.606
15;F16;Plant 1;966.932
15;F16;Plant 3;671.559
15;F16;Plant 2;1.252.276
15;F17;Plant 1;453.978
15;F17;Plant 3;167.623
15;F17;Plant 2;106.724
15;F18;Plant 1;355.097
15;F18;Plant 3;176.512
15;F18;Plant 2;34.369
15;F19;Plant 1;1.197.154
15;F19;Plant 3;1.198.311
15;F19;Plant 2;335.191
15;F20;Plant 1;1.851.493
15;F20;Plant 3;1.021.253
15;F20;Plant 2;87.967
15;F21;Plant 1;9.847
15;F21;Plant 3;22.402
15;F22;Plant 1;1.090.058
15;F22;Plant 3;1.651.729
15;F22;Plant 2;262.452
15;F23;Plant 1;251.602
15;F23;Plant 3;79.126
15;F23;Plant 2;101.449
15;F24;Plant 1;552.924
15;F24;Plant 3;244.395
15;F24;Plant 2;192.077
15;F25;Plant 1;571.145
15;F25;Plant 3;580.789
15;F25;Plant 2;476.194
15;F26;Plant 1;1.987.565
15;F26;Plant 3;1.337.145
15;F26;Plant 2;52.327
15;F27;Plant 1;33.867
15;F27;Plant 3;21.921
15;F27;Plant 2;66.241
16;F1;Plant 1;568.103
16;F1;Plant 3;292.245
16;F1;Plant 2;118.578
16;F2;Plant 1;735.868
16;F2;Plant 3;492.500
16;F2;Plant 2;261.849
16;F3;Plant 1;1.360.755
16;F3;Plant 3;1.174.698
16;F3;Plant 2;50.853
16;F4;Plant 1;883.872
16;F4;Plant 3;477.709
16;F4;Plant 2;484.652
16;F5;Plant 1;1.582.724
16;F5;Plant 3;1.075.031
16;F5;Plant 2;1.945.446
16;F6;Plant 1;282.173
16;F6;Plant 3;152.406
16;F6;Plant 2;397.609
16;F7;Plant 1;276.154
16;F7;Plant 3;468.474
16;F7;Plant 2;355.578
16;F8;Plant 1;283.332
16;F8;Plant 3;205.279
16;F8;Plant 2;1.024
16;F9;Plant 1;94.950
16;F9;Plant 3;467.181
16;F9;Plant 2;153.386
16;F10;Plant 1;29.692
16;F10;Plant 3;84.626
16;F10;Plant 2;532.435
16;F30;Plant 1;274.776
16;F30;Plant 3;1.319.498
16;F30;Plant 2;41.936
16;F11;Plant 1;127.294
16;F11;Plant 3;409.033
16;F11;Plant 2;33.898
16;F12;Plant 3;3.933
16;F12;Plant 2;62.481
16;F13;Plant 1;1.641.342
16;F13;Plant 3;1.341.753
16;F13;Plant 2;127.913
16;F29;Plant 2;19.994
16;F14;Plant 1;1.197.528
16;F14;Plant 3;565.234
16;F14;Plant 2;780.639
16;F15;Plant 1;910.582
16;F15;Plant 3;663.871
16;F15;Plant 2;47.287
16;F16;Plant 1;797.230
16;F16;Plant 3;605.846
16;F16;Plant 2;1.357.887
16;F17;Plant 1;376.014
16;F17;Plant 3;141.772
16;F17;Plant 2;119.924
16;F18;Plant 1;297.602
16;F18;Plant 3;162.655
16;F18;Plant 2;32.630
16;F19;Plant 1;932.101
16;F19;Plant 3;1.089.027
16;F19;Plant 2;265.866
16;F20;Plant 1;1.663.620
16;F20;Plant 3;1.020.137
16;F20;Plant 2;76.848
16;F22;Plant 1;786.265
16;F22;Plant 3;1.510.401
16;F22;Plant 2;290.110
16;F23;Plant 1;193.276
16;F23;Plant 3;68.745
16;F23;Plant 2;126.524
16;F24;Plant 1;504.257
16;F24;Plant 3;246.305
16;F24;Plant 2;211.862
16;F25;Plant 1;569.538
16;F25;Plant 3;552.934
16;F25;Plant 2;396.676
16;F26;Plant 1;1.788.836
16;F26;Plant 3;1.272.587
16;F26;Plant 2;33.150
16;F27;Plant 1;24.514
16;F27;Plant 3;21.348
16;F27;Plant 2;14.786
17;F1;Plant 1;434.344
17;F1;Plant 3;211.718
17;F1;Plant 2;114.887
17;F2;Plant 1;629.754
17;F2;Plant 3;409.752
17;F2;Plant 2;304.044
17;F3;Plant 1;1.157.652
17;F3;Plant 3;1.025.242
17;F3;Plant 2;39.126
17;F4;Plant 1;744.546
17;F4;Plant 3;380.779
17;F4;Plant 2;367.725
17;F5;Plant 1;1.388.514
17;F5;Plant 3;961.694
17;F5;Plant 2;2.146.802
17;F6;Plant 1;308.612
17;F6;Plant 3;130.443
17;F6;Plant 2;327.692
17;F7;Plant 1;252.336
17;F7;Plant 3;403.180
17;F7;Plant 2;291.713
17;F8;Plant 1;186.338
17;F8;Plant 3;183.134
17;F8;Plant 2;1.031
17;F9;Plant 1;99.033
17;F9;Plant 3;503.232
17;F9;Plant 2;157.597
17;F10;Plant 1;22.121
17;F10;Plant 3;77.025
17;F10;Plant 2;615.497
17;F30;Plant 1;185.736
17;F30;Plant 3;1.224.678
17;F30;Plant 2;32.358
17;F28;Plant 2;1.407
17;F11;Plant 1;123.510
17;F11;Plant 3;389.450
17;F11;Plant 2;44.953
17;F12;Plant 1;110
17;F12;Plant 3;4.625
17;F12;Plant 2;54.103
17;F13;Plant 1;1.266.021
17;F13;Plant 3;1.161.567
17;F13;Plant 2;115.769
17;F29;Plant 1;130
17;F29;Plant 2;13.640
17;F14;Plant 1;1.117.850
17;F14;Plant 3;479.552
17;F14;Plant 2;520.504
17;F15;Plant 1;745.692
17;F15;Plant 3;579.326
17;F15;Plant 2;42.314
17;F16;Plant 1;723.099
17;F16;Plant 3;532.432
17;F16;Plant 2;1.137.424
17;F17;Plant 1;254.575
17;F17;Plant 3;129.634
17;F17;Plant 2;116.736
17;F18;Plant 1;223.698
17;F18;Plant 3;135.694
17;F18;Plant 2;27.327
17;F19;Plant 1;863.664
17;F19;Plant 3;949.449
17;F19;Plant 2;248.740
17;F20;Plant 1;1.148.236
17;F20;Plant 3;821.461
17;F20;Plant 2;84.121
17;F22;Plant 1;625.383
17;F22;Plant 3;1.341.482
17;F22;Plant 2;269.682
17;F23;Plant 1;160.559
17;F23;Plant 3;60.288
17;F23;Plant 2;105.161
17;F24;Plant 1;423.274
17;F24;Plant 3;242.419
17;F24;Plant 2;175.640
17;F25;Plant 1;384.668
17;F25;Plant 3;521.450
17;F25;Plant 2;387.225
17;F26;Plant 1;1.856.803
17;F26;Plant 3;1.089.580
17;F26;Plant 2;38.561
17;F27;Plant 1;23.502
17;F27;Plant 3;10.429
17;F27;Plant 2;40.532
18;F1;Plant 1;580.450
18;F1;Plant 3;242.157
18;F1;Plant 2;120.789
18;F2;Plant 1;789.528
18;F2;Plant 3;446.169
18;F2;Plant 2;294.397
18;F3;Plant 1;1.582.143
18;F3;Plant 3;1.101.919
18;F3;Plant 2;56.712
18;F4;Plant 1;902.110
18;F4;Plant 3;475.631
18;F4;Plant 2;516.256
18;F5;Plant 1;1.671.413
18;F5;Plant 3;1.110.260
18;F5;Plant 2;2.273.385
18;F6;Plant 1;328.933
18;F6;Plant 3;171.638
18;F6;Plant 2;449.018
18;F7;Plant 1;330.696
18;F7;Plant 3;477.981
18;F7;Plant 2;365.216
18;F8;Plant 1;282.603
18;F8;Plant 3;204.989
18;F8;Plant 2;1.239
18;F9;Plant 1;155.241
18;F9;Plant 3;562.283
18;F9;Plant 2;164.753
18;F10;Plant 1;84.788
18;F10;Plant 3;133.906
18;F10;Plant 2;615.702
18;F30;Plant 1;238.121
18;F30;Plant 3;1.422.031
18;F30;Plant 2;15.815
18;F11;Plant 1;157.294
18;F11;Plant 3;419.691
18;F11;Plant 2;52.194
18;F12;Plant 3;3.824
18;F12;Plant 2;70.499
18;F13;Plant 1;1.496.250
18;F13;Plant 3;1.260.434
18;F13;Plant 2;146.285
18;F29;Plant 1;63
18;F29;Plant 2;24.955
18;F14;Plant 1;1.333.100
18;F14;Plant 3;575.030
18;F14;Plant 2;554.038
18;F15;Plant 1;1.054.564
18;F15;Plant 3;708.149
18;F15;Plant 2;36.532
18;F16;Plant 1;759.234
18;F16;Plant 3;679.604
18;F16;Plant 2;1.376.119
18;F17;Plant 1;382.276
18;F17;Plant 3;152.159
18;F17;Plant 2;128.596
18;F18;Plant 1;276.819
18;F18;Plant 3;180.125
18;F18;Plant 2;37.964
18;F19;Plant 1;1.056.421
18;F19;Plant 3;1.072.010
18;F19;Plant 2;300.486
18;F20;Plant 1;1.564.544
18;F20;Plant 3;1.006.653
18;F20;Plant 2;81.003
18;F22;Plant 1;772.745
18;F22;Plant 3;1.523.842
18;F22;Plant 2;260.925
18;F23;Plant 1;199.237
18;F23;Plant 3;71.215
18;F23;Plant 2;114.049
18;F24;Plant 1;544.502
18;F24;Plant 3;313.769
18;F24;Plant 2;214.349
18;F25;Plant 1;460.038
18;F25;Plant 3;595.584
18;F25;Plant 2;453.315
18;F26;Plant 1;2.499.183
18;F26;Plant 3;1.335.360
18;F26;Plant 2;49.866
18;F27;Plant 1;32.151
18;F27;Plant 3;22.800
18;F27;Plant 2;42.511
19;F1;Plant 1;604.235
19;F1;Plant 3;289.235
19;F1;Plant 2;187.601
19;F2;Plant 1;822.424
19;F2;Plant 3;570.703
19;F2;Plant 2;314.162
19;F3;Plant 1;1.718.254
19;F3;Plant 3;1.211.617
19;F3;Plant 2;50.601
19;F4;Plant 1;1.027.243
19;F4;Plant 3;505.356
19;F4;Plant 2;466.313
19;F5;Plant 1;1.866.810
19;F5;Plant 3;1.211.507
19;F5;Plant 2;2.265.134
19;F6;Plant 1;360.858
19;F6;Plant 3;165.983
19;F6;Plant 2;324.696
19;F7;Plant 1;272.601
19;F7;Plant 3;453.526
19;F7;Plant 2;390.801
19;F8;Plant 1;352.638
19;F8;Plant 3;213.783
19;F8;Plant 2;1.032
19;F9;Plant 1;159.182
19;F9;Plant 3;568.075
19;F9;Plant 2;211.423
19;F10;Plant 1;110.726
19;F10;Plant 3;135.540
19;F10;Plant 2;548.446
19;F30;Plant 1;238.526
19;F30;Plant 3;1.535.948
19;F30;Plant 2;9.176
19;F11;Plant 1;141.399
19;F11;Plant 3;374.265
19;F11;Plant 2;26.287
19;F12;Plant 1;739
19;F12;Plant 3;4.793
19;F12;Plant 2;27.643
19;F13;Plant 1;1.502.921
19;F13;Plant 3;1.281.381
19;F13;Plant 2;173.327
19;F29;Plant 2;16.305
19;F14;Plant 1;1.479.939
19;F14;Plant 3;670.376
19;F14;Plant 2;683.030
19;F15;Plant 1;1.106.777
19;F15;Plant 3;829.242
19;F15;Plant 2;42.296
19;F16;Plant 1;952.152
19;F16;Plant 3;639.970
19;F16;Plant 2;1.479.050
19;F17;Plant 1;440.387
19;F17;Plant 3;161.084
19;F17;Plant 2;158.133
19;F18;Plant 1;383.753
19;F18;Plant 3;163.089
19;F18;Plant 2;50.648
19;F19;Plant 1;1.177.466
19;F19;Plant 3;1.199.122
19;F19;Plant 2;347.748
19;F20;Plant 1;1.775.588
19;F20;Plant 3;1.084.885
19;F20;Plant 2;84.041
19;F22;Plant 1;778.511
19;F22;Plant 3;1.616.675
19;F22;Plant 2;337.281
19;F23;Plant 1;413.918
19;F23;Plant 3;76.362
19;F23;Plant 2;86.308
19;F24;Plant 1;410.720
19;F24;Plant 3;308.565
19;F24;Plant 2;223.916
19;F25;Plant 1;577.562
19;F25;Plant 3;508.594
19;F25;Plant 2;430.451
19;F26;Plant 1;2.625.820
19;F26;Plant 3;1.377.840
19;F26;Plant 2;24.677
19;F27;Plant 1;30.503
19;F27;Plant 3;21.270
19;F27;Plant 2;25.621
20;F1;Plant 1;411.498
20;F1;Plant 3;280.207
20;F1;Plant 2;116.537
20;F2;Plant 1;473.339
20;F2;Plant 3;442.584
20;F2;Plant 2;210.502
20;F3;Plant 1;1.246.585
20;F3;Plant 3;1.066.621
20;F3;Plant 2;47.387
20;F4;Plant 1;713.594
20;F4;Plant 3;457.073
20;F4;Plant 2;514.073
20;F5;Plant 1;1.387.639
20;F5;Plant 3;1.091.879
20;F5;Plant 2;2.026.851
20;F6;Plant 1;191.042
20;F6;Plant 3;149.762
20;F6;Plant 2;462.146
20;F7;Plant 1;208.502
20;F7;Plant 3;451.767
20;F7;Plant 2;262.597
20;F8;Plant 1;355.042
20;F8;Plant 3;171.823
20;F8;Plant 2;1.235
20;F9;Plant 1;106.183
20;F9;Plant 3;575.481
20;F9;Plant 2;83.514
20;F10;Plant 1;50.101
20;F10;Plant 3;128.870
20;F10;Plant 2;446.703
20;F30;Plant 1;196.059
20;F30;Plant 3;1.257.996
20;F30;Plant 2;23.538
20;F11;Plant 1;88.383
20;F11;Plant 3;254.525
20;F11;Plant 2;35.354
20;F12;Plant 1;13.843
20;F12;Plant 3;3.177
20;F12;Plant 2;51.784
20;F13;Plant 1;1.019.146
20;F13;Plant 3;1.247.843
20;F13;Plant 2;158.269
20;F29;Plant 1;154
20;F29;Plant 2;31.775
20;F14;Plant 1;940.284
20;F14;Plant 3;536.107
20;F14;Plant 2;572.986
20;F15;Plant 1;835.552
20;F15;Plant 3;756.248
20;F15;Plant 2;48.650
20;F16;Plant 1;663.353
20;F16;Plant 3;595.105
20;F16;Plant 2;1.278.704
20;F17;Plant 1;286.145
20;F17;Plant 3;145.586
20;F17;Plant 2;119.856
20;F18;Plant 1;247.719
20;F18;Plant 3;166.019
20;F18;Plant 2;30.840
20;F19;Plant 1;739.016
20;F19;Plant 3;1.100.207
20;F19;Plant 2;256.031
20;F20;Plant 1;1.318.854
20;F20;Plant 3;956.828
20;F20;Plant 2;64.551
20;F22;Plant 1;631.522
20;F22;Plant 3;1.437.147
20;F22;Plant 2;354.066
20;F23;Plant 1;154.909
20;F23;Plant 3;62.049
20;F23;Plant 2;88.613
20;F24;Plant 1;320.947
20;F24;Plant 3;224.070
20;F24;Plant 2;167.914
20;F25;Plant 1;432.142
20;F25;Plant 3;464.948
20;F25;Plant 2;177.046
20;F26;Plant 1;1.288.677
20;F26;Plant 3;1.182.145
20;F26;Plant 2;45.071
20;F27;Plant 1;18.123
20;F27;Plant 3;18.052
20;F27;Plant 2;5.548
21;F1;Plant 1;493.428
21;F1;Plant 3;258.017
21;F1;Plant 2;125.779
21;F2;Plant 1;617.183
21;F2;Plant 3;480.610
21;F2;Plant 2;363.421
21;F3;Plant 1;1.629.546
21;F3;Plant 3;1.298.605
21;F3;Plant 2;50.630
21;F4;Plant 1;877.435
21;F4;Plant 3;457.924
21;F4;Plant 2;454.264
21;F5;Plant 1;1.690.972
21;F5;Plant 3;1.114.123
21;F5;Plant 2;2.137.629
21;F6;Plant 1;210.745
21;F6;Plant 3;152.159
21;F6;Plant 2;340.695
21;F7;Plant 1;246.342
21;F7;Plant 3;493.493
21;F7;Plant 2;299.636
21;F8;Plant 1;220.169
21;F8;Plant 3;197.857
21;F8;Plant 2;1.238
21;F9;Plant 1;169.459
21;F9;Plant 3;493.117
21;F9;Plant 2;120.590
21;F10;Plant 1;100.016
21;F10;Plant 3;138.952
21;F10;Plant 2;581.855
21;F30;Plant 1;232.137
21;F30;Plant 3;1.284.650
21;F28;Plant 2;8.056
21;F11;Plant 1;135.587
21;F11;Plant 3;232.334
21;F11;Plant 2;67.890
21;F12;Plant 1;8.350
21;F12;Plant 3;5.671
21;F12;Plant 2;54.138
21;F13;Plant 1;1.198.857
21;F13;Plant 3;1.220.286
21;F13;Plant 2;109.321
21;F29;Plant 2;30.845
21;F14;Plant 1;1.422.240
21;F14;Plant 3;582.586
21;F14;Plant 2;683.074
21;F15;Plant 1;971.138
21;F15;Plant 3;801.781
21;F15;Plant 2;53.892
21;F16;Plant 1;842.666
21;F16;Plant 3;653.086
21;F16;Plant 2;1.414.163
21;F17;Plant 1;380.557
21;F17;Plant 3;160.415
21;F17;Plant 2;246.696
21;F18;Plant 1;303.170
21;F18;Plant 3;193.739
21;F18;Plant 2;40.719
21;F19;Plant 1;987.573
21;F19;Plant 3;1.118.278
21;F19;Plant 2;227.809
21;F20;Plant 1;1.449.167
21;F20;Plant 3;982.003
21;F20;Plant 2;79.475
21;F22;Plant 1;734.724
21;F22;Plant 3;1.538.327
21;F22;Plant 2;186.799
21;F23;Plant 1;178.867
21;F23;Plant 3;71.413
21;F23;Plant 2;107.720
21;F24;Plant 1;658.181
21;F24;Plant 3;224.146
21;F24;Plant 2;195.055
21;F25;Plant 1;428.964
21;F25;Plant 3;512.624
21;F25;Plant 2;436.146
21;F26;Plant 1;1.820.553
21;F26;Plant 3;1.257.410
21;F26;Plant 2;69.296
21;F27;Plant 1;23.461
21;F27;Plant 3;15.962
21;F27;Plant 2;16.403
22;F1;Plant 1;666.469
22;F1;Plant 3;257.678
22;F1;Plant 2;133.196
22;F2;Plant 1;694.687
22;F2;Plant 3;481.752
22;F2;Plant 2;387.462
22;F3;Plant 1;2.112.290
22;F3;Plant 3;1.186.639
22;F3;Plant 2;59.298
22;F4;Plant 1;925.018
22;F4;Plant 3;458.079
22;F4;Plant 2;461.397
22;F5;Plant 1;1.820.481
22;F5;Plant 3;1.089.202
22;F5;Plant 2;1.866.490
22;F6;Plant 1;359.207
22;F6;Plant 3;142.583
22;F6;Plant 2;370.702
22;F7;Plant 1;289.535
22;F7;Plant 3;454.879
22;F7;Plant 2;306.518
22;F8;Plant 1;225.611
22;F8;Plant 3;190.687
22;F8;Plant 2;1.290
22;F9;Plant 1;184.737
22;F9;Plant 3;540.134
22;F9;Plant 2;208.423
22;F10;Plant 1;178.066
22;F10;Plant 3;129.009
22;F10;Plant 2;642.586
22;F30;Plant 1;248.376
22;F30;Plant 3;1.413.372
22;F30;Plant 2;2.304
22;F11;Plant 1;156.703
22;F11;Plant 3;277.867
22;F11;Plant 2;26.112
22;F12;Plant 1;8.117
22;F12;Plant 3;4.961
22;F12;Plant 2;59.998
22;F13;Plant 1;1.360.127
22;F13;Plant 3;1.495.395
22;F13;Plant 2;111.455
22;F29;Plant 2;30.845
22;F14;Plant 1;1.529.778
22;F14;Plant 3;606.752
22;F14;Plant 2;559.098
22;F15;Plant 1;1.154.930
22;F15;Plant 3;899.176
22;F15;Plant 2;77.061
22;F16;Plant 1;935.673
22;F16;Plant 3;651.370
22;F16;Plant 2;1.457.162
22;F17;Plant 1;505.170
22;F17;Plant 3;162.059
22;F17;Plant 2;233.637
22;F18;Plant 1;323.873
22;F18;Plant 3;174.994
22;F18;Plant 2;43.143
22;F19;Plant 1;1.120.050
22;F19;Plant 3;1.123.029
22;F19;Plant 2;233.475
22;F20;Plant 1;1.730.176
22;F20;Plant 3;962.746
22;F20;Plant 2;85.446
22;F22;Plant 1;921.923
22;F22;Plant 3;1.542.901
22;F22;Plant 2;181.340
22;F23;Plant 1;197.536
22;F23;Plant 3;73.128
22;F23;Plant 2;115.512
22;F24;Plant 1;725.606
22;F24;Plant 3;263.964
22;F24;Plant 2;190.267
22;F25;Plant 1;506.623
22;F25;Plant 3;555.870
22;F25;Plant 2;525.645
22;F26;Plant 1;2.206.648
22;F26;Plant 3;1.247.233
22;F26;Plant 2;41.712
22;F27;Plant 1;33.532
22;F27;Plant 3;21.749
22;F27;Plant 2;35.037
23;F1;Plant 1;499.710
23;F1;Plant 3;279.354
23;F1;Plant 2;165.028
23;F2;Plant 1;700.946
23;F2;Plant 3;472.406
23;F2;Plant 2;321.441
23;F3;Plant 1;1.770.859
23;F3;Plant 3;1.159.925
23;F3;Plant 2;55.726
23;F4;Plant 1;760.970
23;F4;Plant 3;448.750
23;F4;Plant 2;496.124
23;F5;Plant 1;1.482.963
23;F5;Plant 3;1.105.652
23;F5;Plant 2;2.098.999
23;F6;Plant 1;266.227
23;F6;Plant 3;154.498
23;F6;Plant 2;341.177
23;F7;Plant 1;208.451
23;F7;Plant 3;346.297
23;F7;Plant 2;283.212
23;F8;Plant 1;244.688
23;F8;Plant 3;203.954
23;F8;Plant 2;1.714
23;F9;Plant 1;172.415
23;F9;Plant 3;558.464
23;F9;Plant 2;119.243
23;F10;Plant 1;280.365
23;F10;Plant 3;145.303
23;F10;Plant 2;652.826
23;F30;Plant 1;267.080
23;F30;Plant 3;1.462.099
23;F30;Plant 2;141.161
23;F11;Plant 1;136.501
23;F11;Plant 3;252.089
23;F11;Plant 2;31.328
23;F12;Plant 1;10.083
23;F12;Plant 3;4.950
23;F12;Plant 2;55.561
23;F13;Plant 1;1.408.272
23;F13;Plant 3;1.447.429
23;F13;Plant 2;174.284
23;F29;Plant 2;45.288
23;F14;Plant 1;1.181.307
23;F14;Plant 3;569.766
23;F14;Plant 2;880.263
23;F15;Plant 1;908.962
23;F15;Plant 3;833.319
23;F15;Plant 2;17.883
23;F16;Plant 1;916.831
23;F16;Plant 3;632.191
23;F16;Plant 2;1.434.538
23;F17;Plant 1;341.921
23;F17;Plant 3;154.506
23;F17;Plant 2;207.064
23;F18;Plant 1;295.759
23;F18;Plant 3;178.444
23;F18;Plant 2;59.989
23;F19;Plant 1;950.914
23;F19;Plant 3;1.089.877
23;F19;Plant 2;307.782
23;F20;Plant 1;1.426.809
23;F20;Plant 3;911.765
23;F20;Plant 2;102.595
23;F22;Plant 1;824.450
23;F22;Plant 3;1.601.086
23;F22;Plant 2;242.465
23;F23;Plant 1;159.751
23;F23;Plant 3;68.304
23;F23;Plant 2;95.429
23;F24;Plant 1;627.757
23;F24;Plant 3;211.454
23;F24;Plant 2;201.840
23;F25;Plant 1;408.258
23;F25;Plant 3;507.625
23;F25;Plant 2;411.445
23;F26;Plant 1;1.829.697
23;F26;Plant 3;1.172.401
23;F26;Plant 2;57.110
23;F27;Plant 1;28.602
23;F27;Plant 3;14.910
23;F27;Plant 2;10.857
24;F1;Plant 1;346.098
24;F1;Plant 3;218.455
24;F1;Plant 2;110.439
24;F2;Plant 1;312.280
24;F2;Plant 3;329.005
24;F2;Plant 2;399.280
24;F3;Plant 1;904.246
24;F3;Plant 3;860.101
24;F3;Plant 2;34.715
24;F4;Plant 1;434.492
24;F4;Plant 3;292.358
24;F4;Plant 2;261.339
24;F5;Plant 1;965.693
24;F5;Plant 3;817.877
24;F5;Plant 2;1.312.435
24;F6;Plant 1;134.113
24;F6;Plant 3;102.668
24;F6;Plant 2;181.053
24;F7;Plant 1;141.496
24;F7;Plant 3;252.287
24;F7;Plant 2;155.533
24;F8;Plant 1;172.453
24;F8;Plant 3;147.201
24;F8;Plant 2;618
24;F9;Plant 1;136.758
24;F9;Plant 3;370.208
24;F9;Plant 2;101.358
24;F10;Plant 1;175.691
24;F10;Plant 3;92.066
24;F10;Plant 2;334.177
24;F30;Plant 1;217.441
24;F30;Plant 3;963.579
24;F30;Plant 2;115.665
24;F11;Plant 1;40.719
24;F11;Plant 3;154.483
24;F11;Plant 2;21.676
24;F12;Plant 1;3.144
24;F12;Plant 3;3.299
24;F12;Plant 2;101.470
24;F13;Plant 1;694.048
24;F13;Plant 3;1.049.666
24;F13;Plant 2;85.666
24;F29;Plant 2;16.677
24;F14;Plant 1;680.845
24;F14;Plant 3;408.611
24;F14;Plant 2;500.866
24;F15;Plant 1;574.806
24;F15;Plant 3;556.828
24;F15;Plant 2;9.344
24;F16;Plant 1;434.242
24;F16;Plant 3;420.848
24;F16;Plant 2;817.304
24;F17;Plant 1;188.206
24;F17;Plant 3;106.671
24;F17;Plant 2;183.997
24;F18;Plant 1;164.591
24;F18;Plant 3;123.437
24;F18;Plant 2;45.350
24;F19;Plant 1;603.410
24;F19;Plant 3;796.018
24;F19;Plant 2;205.276
24;F20;Plant 1;646.452
24;F20;Plant 3;673.909
24;F20;Plant 2;61.851
24;F22;Plant 1;397.923
24;F22;Plant 3;1.066.595
24;F22;Plant 2;146.910
24;F23;Plant 1;115.221
24;F23;Plant 3;48.450
24;F23;Plant 2;60.652
24;F24;Plant 1;409.989
24;F24;Plant 3;155.073
24;F24;Plant 2;140.425
24;F25;Plant 1;276.692
24;F25;Plant 3;380.049
24;F25;Plant 2;227.244
24;F26;Plant 1;894.957
24;F26;Plant 3;812.418
24;F26;Plant 2;56.760
24;F27;Plant 1;10.806
24;F27;Plant 3;18.004
24;F27;Plant 2;16.164
25;F1;Plant 1;759.494
25;F1;Plant 3;232.620
25;F1;Plant 2;105.949
25;F2;Plant 1;353.940
25;F2;Plant 3;356.839
25;F2;Plant 2;370.365
25;F3;Plant 1;1.148.266
25;F3;Plant 3;909.492
25;F3;Plant 2;40.982
25;F4;Plant 1;457.451
25;F4;Plant 3;356.351
25;F4;Plant 2;381.461
25;F5;Plant 1;1.390.425
25;F5;Plant 3;784.705
25;F5;Plant 2;1.561.978
25;F6;Plant 1;210.710
25;F6;Plant 3;100.994
25;F6;Plant 2;191.107
25;F7;Plant 1;296.140
25;F7;Plant 3;233.303
25;F7;Plant 2;100.030
25;F8;Plant 1;255.605
25;F8;Plant 3;166.622
25;F8;Plant 2;921
25;F9;Plant 1;184.214
25;F9;Plant 3;393.812
25;F9;Plant 2;123.023
25;F10;Plant 1;199.477
25;F10;Plant 3;90.771
25;F10;Plant 2;558.997
25;F30;Plant 1;325.519
25;F30;Plant 3;1.041.010
25;F30;Plant 2;538.664
25;F11;Plant 1;55.338
25;F11;Plant 3;221.560
25;F11;Plant 2;28.845
25;F12;Plant 1;3.906
25;F12;Plant 3;6.256
25;F12;Plant 2;142.969
25;F13;Plant 1;1.167.233
25;F13;Plant 3;1.007.786
25;F13;Plant 2;169.974
25;F29;Plant 1;188
25;F29;Plant 2;32.890
25;F14;Plant 1;889.116
25;F14;Plant 3;392.162
25;F14;Plant 2;637.054
25;F15;Plant 1;654.699
25;F15;Plant 3;532.377
25;F15;Plant 2;8.986
25;F16;Plant 1;615.179
25;F16;Plant 3;452.769
25;F16;Plant 2;1.185.436
25;F17;Plant 1;273.205
25;F17;Plant 3;105.919
25;F17;Plant 2;287.160
25;F18;Plant 1;203.935
25;F18;Plant 3;128.604
25;F18;Plant 2;29.017
25;F19;Plant 1;835.094
25;F19;Plant 3;771.649
25;F19;Plant 2;210.967
25;F20;Plant 1;728.394
25;F20;Plant 3;654.593
25;F20;Plant 2;110.531
25;F22;Plant 1;633.404
25;F22;Plant 3;1.144.836
25;F22;Plant 2;190.088
25;F23;Plant 1;127.634
25;F23;Plant 3;46.654
25;F23;Plant 2;95.980
25;F24;Plant 1;427.863
25;F24;Plant 3;187.917
25;F24;Plant 2;129.992
25;F25;Plant 1;337.400
25;F25;Plant 3;393.432
25;F25;Plant 2;279.428
25;F26;Plant 1;1.081.762
25;F26;Plant 3;869.830
25;F26;Plant 2;48.716
25;F27;Plant 1;13.768
25;F27;Plant 3;12.554
25;F27;Plant 2;8.185
26;F1;Plant 1;1.085.550
26;F1;Plant 3;294.169
26;F1;Plant 2;51.890
26;F2;Plant 1;546.985
26;F2;Plant 3;481.125
26;F2;Plant 2;393.476
26;F3;Plant 1;1.360.471
26;F3;Plant 3;1.213.115
26;F3;Plant 2;53.863
26;F4;Plant 1;802.668
26;F4;Plant 3;501.630
26;F4;Plant 2;364.674
26;F5;Plant 1;2.100.462
26;F5;Plant 3;1.093.532
26;F5;Plant 2;1.975.916
26;F6;Plant 1;220.927
26;F6;Plant 3;137.386
26;F6;Plant 2;261.659
26;F7;Plant 1;481.392
26;F7;Plant 3;364.870
26;F7;Plant 2;226.733
26;F8;Plant 1;431.943
26;F8;Plant 3;230.259
26;F8;Plant 2;1.088
26;F9;Plant 1;280.778
26;F9;Plant 3;570.311
26;F9;Plant 2;135.805
26;F10;Plant 1;331.898
26;F10;Plant 3;134.063
26;F10;Plant 2;627.752
26;F30;Plant 1;765.659
26;F30;Plant 3;1.470.614
26;F30;Plant 2;396.210
26;F11;Plant 1;48.637
26;F11;Plant 3;231.664
26;F11;Plant 2;34.975
26;F12;Plant 1;7.957
26;F12;Plant 3;5.489
26;F12;Plant 2;77.316
26;F13;Plant 1;1.856.089
26;F13;Plant 3;1.456.112
26;F13;Plant 2;126.612
26;F29;Plant 2;19.625
26;F14;Plant 1;1.414.616
26;F14;Plant 3;605.473
26;F14;Plant 2;668.351
26;F15;Plant 1;922.934
26;F15;Plant 3;761.488
26;F15;Plant 2;18.997
26;F16;Plant 1;934.371
26;F16;Plant 3;609.753
26;F16;Plant 2;1.164.390
26;F17;Plant 1;456.347
26;F17;Plant 3;150.798
26;F17;Plant 2;250.082
26;F18;Plant 1;275.925
26;F18;Plant 3;173.852
26;F18;Plant 2;33.705
26;F19;Plant 1;1.369.164
26;F19;Plant 3;1.047.641
26;F19;Plant 2;226.509
26;F20;Plant 1;1.139.329
26;F20;Plant 3;935.387
26;F20;Plant 2;85.281
26;F22;Plant 1;912.655
26;F22;Plant 3;1.483.664
26;F22;Plant 2;238.343
26;F23;Plant 1;398.391
26;F23;Plant 3;64.733
26;F23;Plant 2;98.705
26;F24;Plant 1;577.877
26;F24;Plant 3;216.943
26;F24;Plant 2;132.009
26;F25;Plant 1;421.323
26;F25;Plant 3;537.558
26;F25;Plant 2;359.616
26;F26;Plant 1;1.264.568
26;F26;Plant 3;1.186.471
26;F26;Plant 2;82.849
26;F27;Plant 1;17.186
26;F27;Plant 3;35.522
26;F27;Plant 2;19.740
27;F1;Plant 1;937.039
27;F1;Plant 3;238.276
27;F1;Plant 2;118.666
27;F2;Plant 1;554.036
27;F2;Plant 3;478.852
27;F2;Plant 2;507.688
27;F3;Plant 1;1.347.844
27;F3;Plant 3;1.164.113
27;F3;Plant 2;49.895
27;F4;Plant 1;986.688
27;F4;Plant 3;551.834
27;F4;Plant 2;366.196
27;F5;Plant 1;1.769.141
27;F5;Plant 3;1.018.059
27;F5;Plant 2;1.626.095
27;F6;Plant 1;312.813
27;F6;Plant 3;138.207
27;F6;Plant 2;225.073
27;F7;Plant 1;597.723
27;F7;Plant 3;340.617
27;F7;Plant 2;159.604
27;F8;Plant 1;631.630
27;F8;Plant 3;221.295
27;F8;Plant 2;1.030
27;F9;Plant 1;455.741
27;F9;Plant 3;484.066
27;F9;Plant 2;174.053
27;F10;Plant 1;530.666
27;F10;Plant 3;125.756
27;F10;Plant 2;573.956
27;F30;Plant 1;1.038.622
27;F30;Plant 3;1.425.455
27;F30;Plant 2;723.812
27;F11;Plant 1;56.459
27;F11;Plant 3;281.159
27;F11;Plant 2;49.490
27;F12;Plant 1;3.697
27;F12;Plant 3;5.992
27;F12;Plant 2;41.781
27;F13;Plant 1;2.321.519
27;F13;Plant 3;1.399.462
27;F13;Plant 2;111.716
27;F29;Plant 2;5.585
27;F14;Plant 1;1.347.417
27;F14;Plant 3;573.492
27;F14;Plant 2;583.097
27;F15;Plant 1;1.003.398
27;F15;Plant 3;744.831
27;F15;Plant 2;37.582
27;F16;Plant 1;1.009.572
27;F16;Plant 3;625.980
27;F16;Plant 2;1.167.547
27;F17;Plant 1;633.607
27;F17;Plant 3;148.370
27;F17;Plant 2;289.593
27;F18;Plant 1;372.125
27;F18;Plant 3;174.530
27;F18;Plant 2;21.344
27;F19;Plant 1;1.262.576
27;F19;Plant 3;1.045.711
27;F19;Plant 2;175.635
27;F20;Plant 1;1.076.197
27;F20;Plant 3;922.109
27;F20;Plant 2;85.740
27;F22;Plant 1;1.143.762
27;F22;Plant 3;1.460.856
27;F22;Plant 2;128.453
27;F23;Plant 1;273.664
27;F23;Plant 3;60.775
27;F23;Plant 2;98.474
27;F24;Plant 1;707.853
27;F24;Plant 3;203.693
27;F24;Plant 2;140.860
27;F25;Plant 1;450.652
27;F25;Plant 3;496.778
27;F25;Plant 2;381.845
27;F26;Plant 1;1.539.549
27;F26;Plant 3;1.176.739
27;F26;Plant 2;56.047
27;F27;Plant 1;26.172
27;F27;Plant 3;33.016
27;F27;Plant 2;18.760
28;F1;Plant 1;1.057.223
28;F1;Plant 3;277.760
28;F1;Plant 2;184.733
28;F2;Plant 1;604.624
28;F2;Plant 3;513.718
28;F2;Plant 2;441.774
28;F3;Plant 1;1.530.283
28;F3;Plant 3;1.227.760
28;F3;Plant 2;53.648
28;F4;Plant 1;1.068.767
28;F4;Plant 3;566.802
28;F4;Plant 2;351.635
28;F5;Plant 1;1.782.625
28;F5;Plant 3;1.181.940
28;F5;Plant 2;1.425.413
28;F6;Plant 1;567.962
28;F6;Plant 3;139.791
28;F6;Plant 2;294.384
28;F7;Plant 1;577.618
28;F7;Plant 3;366.935
28;F7;Plant 2;200.896
28;F8;Plant 1;707.192
28;F8;Plant 3;235.927
28;F8;Plant 2;829
28;F9;Plant 1;378.534
28;F9;Plant 3;486.001
28;F9;Plant 2;138.023
28;F10;Plant 1;568.797
28;F10;Plant 3;141.514
28;F10;Plant 2;600.799
28;F30;Plant 1;1.178.976
28;F30;Plant 3;1.542.030
28;F30;Plant 2;488.729
28;F11;Plant 1;60.545
28;F11;Plant 3;264.169
28;F11;Plant 2;23.005
28;F12;Plant 1;7.125
28;F12;Plant 3;4.728
28;F12;Plant 2;34.332
28;F13;Plant 1;2.687.493
28;F13;Plant 3;1.512.911
28;F13;Plant 2;129.873
28;F14;Plant 1;1.511.100
28;F14;Plant 3;664.193
28;F14;Plant 2;489.049
28;F15;Plant 1;1.092.184
28;F15;Plant 3;777.189
28;F15;Plant 2;18.943
28;F16;Plant 1;1.227.013
28;F16;Plant 3;648.203
28;F16;Plant 2;1.226.973
28;F17;Plant 1;692.641
28;F17;Plant 3;156.386
28;F17;Plant 2;336.679
28;F18;Plant 1;426.095
28;F18;Plant 3;182.804
28;F18;Plant 2;19.750
28;F19;Plant 1;1.400.175
28;F19;Plant 3;1.042.360
28;F19;Plant 2;146.902
28;F20;Plant 1;21.621.131
28;F20;Plant 3;9.787.658
28;F20;Plant 2;73.589
28;F22;Plant 1;1.242.911
28;F22;Plant 3;1.453.867
28;F22;Plant 2;122.510
28;F23;Plant 1;275.027
28;F23;Plant 3;67.552
28;F23;Plant 2;122.414
28;F24;Plant 1;849.222
28;F24;Plant 3;232.756
28;F24;Plant 2;124.083
28;F25;Plant 1;459.187
28;F25;Plant 3;547.511
28;F25;Plant 2;449.060
28;F26;Plant 1;1.620.988
28;F26;Plant 3;1.270.504
28;F26;Plant 2;48.109
28;F27;Plant 1;35.537
28;F27;Plant 3;39.311
28;F27;Plant 2;14.137
29;F1;Plant 1;882.882
29;F1;Plant 3;246.801
29;F1;Plant 2;290.074
29;F2;Plant 1;433.903
29;F2;Plant 3;392.319
29;F2;Plant 2;329.149
29;F3;Plant 1;777.389
29;F3;Plant 3;946.031
29;F3;Plant 2;39.406
29;F4;Plant 1;879.053
29;F4;Plant 3;454.255
29;F4;Plant 2;328.406
29;F5;Plant 1;988.075
29;F5;Plant 3;847.272
29;F5;Plant 2;1.415.445
29;F6;Plant 1;295.322
29;F6;Plant 3;109.093
29;F6;Plant 2;185.701
29;F7;Plant 1;447.174
29;F7;Plant 3;320.319
29;F7;Plant 2;171.919
29;F8;Plant 1;543.896
29;F8;Plant 3;174.597
29;F8;Plant 2;1.033
29;F9;Plant 1;318.222
29;F9;Plant 3;405.007
29;F9;Plant 2;121.603
29;F10;Plant 1;417.737
29;F10;Plant 3;103.960
29;F10;Plant 2;594.426
29;F30;Plant 1;1.191.835
29;F30;Plant 3;1.185.970
29;F30;Plant 2;575.248
29;F11;Plant 1;45.802
29;F11;Plant 3;254.836
29;F11;Plant 2;31.693
29;F12;Plant 1;5.591
29;F12;Plant 3;5.171
29;F12;Plant 2;35.238
29;F13;Plant 1;1.914.005
29;F13;Plant 3;1.233.666
29;F13;Plant 2;136.532
29;F14;Plant 1;1.071.745
29;F14;Plant 3;512.165
29;F14;Plant 2;377.563
29;F15;Plant 1;671.411
29;F15;Plant 3;599.082
29;F15;Plant 2;12.600
29;F16;Plant 1;719.870
29;F16;Plant 3;510.443
29;F16;Plant 2;964.544
29;F17;Plant 1;249.985
29;F17;Plant 3;120.483
29;F17;Plant 2;233.582
29;F18;Plant 1;303.543
29;F18;Plant 3;148.162
29;F18;Plant 2;14.096
29;F19;Plant 1;1.048.584
29;F19;Plant 3;828.847
29;F19;Plant 2;141.480
29;F20;Plant 1;18.721.494
29;F20;Plant 3;13.158.524
29;F20;Plant 2;78.739
29;F22;Plant 1;910.441
29;F22;Plant 3;1.171.610
29;F22;Plant 2;104.023
29;F23;Plant 1;199.996
29;F23;Plant 3;54.971
29;F23;Plant 2;85.452
29;F24;Plant 1;559.648
29;F24;Plant 3;169.177
29;F24;Plant 2;137.141
29;F25;Plant 1;309.984
29;F25;Plant 3;409.001
29;F25;Plant 2;323.935
29;F26;Plant 1;946.678
29;F26;Plant 3;1.008.801
29;F26;Plant 2;53.820
29;F27;Plant 1;73.156
29;F27;Plant 3;33.487
29;F27;Plant 2;20.059
30;F1;Plant 1;1.059.495
30;F1;Plant 3;376.244
30;F1;Plant 2;181.923
30;F2;Plant 1;524.627
30;F2;Plant 3;552.003
30;F2;Plant 2;307.843
30;F3;Plant 1;1.086.588
30;F3;Plant 3;1.289.991
30;F3;Plant 2;48.995
30;F4;Plant 1;1.255.145
30;F4;Plant 3;621.364
30;F4;Plant 2;362.617
30;F5;Plant 1;1.908.369
30;F5;Plant 3;1.178.628
30;F5;Plant 2;1.052.249
30;F6;Plant 1;419.718
30;F6;Plant 3;142.621
30;F6;Plant 2;213.812
30;F7;Plant 1;582.618
30;F7;Plant 3;412.735
30;F7;Plant 2;179.105
30;F8;Plant 1;944.998
30;F8;Plant 3;243.812
30;F8;Plant 2;1.515
30;F9;Plant 1;389.656
30;F9;Plant 3;407.913
30;F9;Plant 2;131.637
30;F10;Plant 1;666.322
30;F10;Plant 3;142.283
30;F10;Plant 2;643.509
30;F30;Plant 1;1.703.833
30;F30;Plant 3;1.633.820
30;F30;Plant 2;579.926
30;F11;Plant 1;54.146
30;F11;Plant 3;267.769
30;F11;Plant 2;19.295
30;F12;Plant 1;3.783
30;F12;Plant 3;5.404
30;F12;Plant 2;37.044
30;F13;Plant 1;2.622.245
30;F13;Plant 3;1.497.195
30;F13;Plant 2;168.932
30;F14;Plant 1;1.291.434
30;F14;Plant 3;682.034
30;F14;Plant 2;441.622
30;F15;Plant 1;1.100.135
30;F15;Plant 3;826.196
30;F15;Plant 2;17.514
30;F16;Plant 1;1.054.320
30;F16;Plant 3;674.377
30;F16;Plant 2;1.170.985
30;F17;Plant 1;417.993
30;F17;Plant 3;161.633
30;F17;Plant 2;292.160
30;F18;Plant 1;389.487
30;F18;Plant 3;201.330
30;F18;Plant 2;17.168
30;F19;Plant 1;1.079.696
30;F19;Plant 3;1.105.350
30;F19;Plant 2;162.477
30;F20;Plant 1;1.025.064
30;F20;Plant 3;12.184.786
30;F20;Plant 2;85.829
30;F22;Plant 1;1.369.181
30;F22;Plant 3;1.606.024
30;F22;Plant 2;130.021
30;F23;Plant 1;274.537
30;F23;Plant 3;70.326
30;F23;Plant 2;99.755
30;F24;Plant 1;852.364
30;F24;Plant 3;223.155
30;F24;Plant 2;109.272
30;F25;Plant 1;551.743
30;F25;Plant 3;589.544
30;F25;Plant 2;423.996
30;F26;Plant 1;1.336.873
30;F26;Plant 3;1.360.487
30;F26;Plant 2;53.975
30;F27;Plant 1;62.170
30;F27;Plant 3;39.309
30;F27;Plant 2;10.613
31;F1;Plant 1;779.624
31;F1;Plant 3;365.145
31;F1;Plant 2;184.555
31;F2;Plant 1;638.607
31;F2;Plant 3;504.912
31;F2;Plant 2;202.380
31;F3;Plant 1;1.348.626
31;F3;Plant 3;1.222.984
31;F3;Plant 2;42.713
31;F4;Plant 1;1.122.904
31;F4;Plant 3;545.102
31;F4;Plant 2;315.206
31;F5;Plant 1;1.818.543
31;F5;Plant 3;1.070.747
31;F5;Plant 2;856.655
31;F6;Plant 1;439.472
31;F6;Plant 3;130.078
31;F6;Plant 2;217.084
31;F7;Plant 1;1.979.585
31;F7;Plant 3;1.018.717
31;F7;Plant 2;79.183
31;F8;Plant 1;801.747
31;F8;Plant 3;227.037
31;F8;Plant 2;827
31;F9;Plant 1;387.309
31;F9;Plant 3;371.453
31;F9;Plant 2;99.860
31;F10;Plant 1;768.336
31;F10;Plant 3;117.284
31;F10;Plant 2;402.955
31;F30;Plant 1;1.501.984
31;F30;Plant 3;1.494.230
31;F30;Plant 2;456.246
31;F11;Plant 1;72.691
31;F11;Plant 3;287.207
31;F11;Plant 2;14.996
31;F12;Plant 1;10.073
31;F12;Plant 3;6.827
31;F12;Plant 2;20.885
31;F13;Plant 1;2.194.997
31;F13;Plant 3;1.318.528
31;F13;Plant 2;157.770
31;F29;Plant 2;219
31;F14;Plant 1;1.146.763
31;F14;Plant 3;689.951
31;F14;Plant 2;406.973
31;F15;Plant 1;1.090.887
31;F15;Plant 3;766.285
31;F15;Plant 2;19.582
31;F16;Plant 1;826.454
31;F16;Plant 3;584.441
31;F16;Plant 2;1.151.673
31;F17;Plant 1;385.254
31;F17;Plant 3;150.918
31;F17;Plant 2;221.804
31;F18;Plant 1;398.582
31;F18;Plant 3;191.611
31;F18;Plant 2;9.521
31;F19;Plant 1;1.089.742
31;F19;Plant 3;1.169.621
31;F19;Plant 2;158.258
31;F20;Plant 1;1.115.030
31;F20;Plant 3;5.830.668
31;F20;Plant 2;59.958
31;F22;Plant 1;1.376.891
31;F22;Plant 3;1.478.533
31;F22;Plant 2;158.759
31;F23;Plant 1;308.846
31;F23;Plant 3;76.058
31;F23;Plant 2;77.442
31;F24;Plant 1;727.881
31;F24;Plant 3;206.821
31;F24;Plant 2;47.267
31;F25;Plant 1;566.562
31;F25;Plant 3;542.062
31;F25;Plant 2;406.551
31;F26;Plant 1;1.574.727
31;F26;Plant 3;1.188.801
31;F26;Plant 2;34.522
31;F27;Plant 1;70.718
31;F27;Plant 3;40.332
31;F27;Plant 2;15.611
32;F1;Plant 1;1.141.343
32;F1;Plant 3;411.502
32;F1;Plant 2;184.656
32;F2;Plant 1;487.190
32;F2;Plant 3;527.652
32;F2;Plant 2;431.313
32;F3;Plant 1;619.993
32;F3;Plant 3;1.407.494
32;F3;Plant 2;46.548
32;F4;Plant 1;1.102.134
32;F4;Plant 3;597.814
32;F4;Plant 2;315.976
32;F5;Plant 1;1.216.101
32;F5;Plant 3;1.150.927
32;F5;Plant 2;993.956
32;F6;Plant 1;364.070
32;F6;Plant 3;144.475
32;F6;Plant 2;255.838
32;F7;Plant 1;1.459.395
32;F7;Plant 3;3.400.886
32;F7;Plant 2;187.708
32;F8;Plant 1;764.050
32;F8;Plant 3;231.818
32;F8;Plant 2;1.035
32;F9;Plant 1;408.092
32;F9;Plant 3;361.719
32;F9;Plant 2;157.445
32;F10;Plant 1;609.136
32;F10;Plant 3;143.696
32;F10;Plant 2;383.114
32;F30;Plant 1;1.474.007
32;F30;Plant 3;1.539.967
32;F30;Plant 2;515.391
32;F11;Plant 1;43.310
32;F11;Plant 3;255.306
32;F11;Plant 2;22.975
32;F12;Plant 1;5.484
32;F12;Plant 3;8.980
32;F12;Plant 2;40.526
32;F13;Plant 1;1.953.455
32;F13;Plant 3;1.497.650
32;F13;Plant 2;186.175
32;F29;Plant 1;5.322
32;F14;Plant 1;909.448
32;F14;Plant 3;665.334
32;F14;Plant 2;452.116
32;F15;Plant 1;806.874
32;F15;Plant 3;838.967
32;F15;Plant 2;12.631
32;F16;Plant 1;816.482
32;F16;Plant 3;679.896
32;F16;Plant 2;1.179.739
32;F17;Plant 1;192.570
32;F17;Plant 3;163.256
32;F17;Plant 2;289.639
32;F18;Plant 1;266.210
32;F18;Plant 3;182.561
32;F18;Plant 2;18.325
32;F19;Plant 1;659.393
32;F19;Plant 3;1.347.378
32;F19;Plant 2;145.979
32;F20;Plant 1;769.335
32;F20;Plant 3;1.028.668
32;F20;Plant 2;66.337
32;F22;Plant 1;1.062.428
32;F22;Plant 3;1.584.053
32;F22;Plant 2;176.478
32;F23;Plant 1;238.462
32;F23;Plant 3;82.312
32;F23;Plant 2;66.380
32;F24;Plant 1;539.839
32;F24;Plant 3;230.396
32;F24;Plant 2;12.685
32;F25;Plant 1;193.369
32;F25;Plant 3;577.264
32;F25;Plant 2;379.189
32;F26;Plant 1;1.006.850
32;F26;Plant 3;1.410.874
32;F26;Plant 2;43.077
32;F27;Plant 1;55.172
32;F27;Plant 3;30.958
32;F27;Plant 2;21.170
33;F1;Plant 1;1.173.532
33;F1;Plant 3;403.839
33;F1;Plant 2;229.682
33;F2;Plant 1;605.015
33;F2;Plant 3;546.190
33;F2;Plant 2;307.365
33;F3;Plant 1;933.816
33;F3;Plant 3;1.351.420
33;F3;Plant 2;47.083
33;F4;Plant 1;1.312.491
33;F4;Plant 3;506.901
33;F4;Plant 2;287.538
33;F5;Plant 1;1.686.712
33;F5;Plant 3;1.083.509
33;F5;Plant 2;1.048.270
33;F6;Plant 1;421.381
33;F6;Plant 3;139.831
33;F6;Plant 2;273.258
33;F7;Plant 1;902.764
33;F7;Plant 3;542.862
33;F7;Plant 2;176.602
33;F8;Plant 1;825.925
33;F8;Plant 3;250.392
33;F8;Plant 2;1.030
33;F9;Plant 1;413.778
33;F9;Plant 3;396.316
33;F9;Plant 2;156.507
33;F10;Plant 1;682.803
33;F10;Plant 3;135.875
33;F10;Plant 2;634.663
33;F30;Plant 1;1.843.201
33;F30;Plant 3;1.387.863
33;F30;Plant 2;463.459
33;F11;Plant 1;63.809
33;F11;Plant 3;254.571
33;F11;Plant 2;20.717
33;F12;Plant 1;12.584
33;F12;Plant 3;10.832
33;F12;Plant 2;38.298
33;F13;Plant 1;2.243.323
33;F13;Plant 3;1.473.807
33;F13;Plant 2;133.759
33;F14;Plant 1;1.421.262
33;F14;Plant 3;692.345
33;F14;Plant 2;476.182
33;F15;Plant 1;1.153.551
33;F15;Plant 3;839.702
33;F15;Plant 2;21.104
33;F16;Plant 1;989.833
33;F16;Plant 3;671.855
33;F16;Plant 2;1.081.839
33;F17;Plant 1;357.881
33;F17;Plant 3;161.320
33;F17;Plant 2;260.686
33;F18;Plant 1;330.226
33;F18;Plant 3;202.910
33;F18;Plant 2;15.629
33;F19;Plant 1;1.098.972
33;F19;Plant 3;1.363.144
33;F19;Plant 2;178.885
33;F20;Plant 1;1.294.366
33;F20;Plant 3;944.139
33;F20;Plant 2;71.534
33;F22;Plant 1;1.327.139
33;F22;Plant 3;1.465.401
33;F22;Plant 2;153.310
33;F23;Plant 1;283.131
33;F23;Plant 3;77.711
33;F23;Plant 2;111.124
33;F24;Plant 1;549.947
33;F24;Plant 3;216.030
33;F24;Plant 2;10.350
33;F25;Plant 1;470.858
33;F25;Plant 3;557.107
33;F25;Plant 2;458.229
33;F26;Plant 1;1.330.265
33;F26;Plant 3;1.424.972
33;F26;Plant 2;63.551
33;F27;Plant 1;74.498
33;F27;Plant 3;34.469
33;F27;Plant 2;12.117
34;F1;Plant 1;1.067.267
34;F1;Plant 3;339.787
34;F1;Plant 2;210.584
34;F2;Plant 1;592.509
34;F2;Plant 3;443.487
34;F2;Plant 2;367.685
34;F3;Plant 1;977.487
34;F3;Plant 3;1.143.041
34;F3;Plant 2;40.038
34;F4;Plant 1;1.176.137
34;F4;Plant 3;421.636
34;F4;Plant 2;293.571
34;F5;Plant 1;1.520.643
34;F5;Plant 3;855.417
34;F5;Plant 2;1.016.559
34;F6;Plant 1;343.059
34;F6;Plant 3;148.821
34;F6;Plant 2;220.623
34;F7;Plant 1;849.801
34;F7;Plant 3;447.059
34;F7;Plant 2;151.942
34;F8;Plant 1;822.505
34;F8;Plant 3;175.557
34;F8;Plant 2;828
34;F9;Plant 1;401.321
34;F9;Plant 3;322.436
34;F9;Plant 2;95.567
34;F10;Plant 1;621.367
34;F10;Plant 3;114.644
34;F10;Plant 2;500.933
34;F30;Plant 1;1.706.309
34;F30;Plant 3;1.193.359
34;F30;Plant 2;512.397
34;F11;Plant 1;49.827
34;F11;Plant 3;205.357
34;F11;Plant 2;20.305
34;F12;Plant 1;9.227
34;F12;Plant 3;5.531
34;F12;Plant 2;38.706
34;F13;Plant 1;2.302.518
34;F13;Plant 3;1.236.839
34;F13;Plant 2;77.998
34;F29;Plant 1;4.842
34;F14;Plant 1;1.238.373
34;F14;Plant 3;521.658
34;F14;Plant 2;434.956
34;F15;Plant 1;1.088.376
34;F15;Plant 3;712.813
34;F15;Plant 2;19.419
34;F16;Plant 1;686.428
34;F16;Plant 3;535.833
34;F16;Plant 2;888.028
34;F17;Plant 1;312.434
34;F17;Plant 3;132.822
34;F17;Plant 2;305.380
34;F18;Plant 1;261.438
34;F18;Plant 3;157.261
34;F18;Plant 2;17.012
34;F19;Plant 1;962.330
34;F19;Plant 3;1.197.367
34;F19;Plant 2;147.469
34;F20;Plant 1;2.788.462
34;F20;Plant 3;785.302
34;F20;Plant 2;52.069
34;F22;Plant 1;1.352.171
34;F22;Plant 3;1.263.782
34;F22;Plant 2;135.112
34;F23;Plant 1;258.773
34;F23;Plant 3;64.938
34;F23;Plant 2;82.543
34;F24;Plant 1;496.673
34;F24;Plant 3;185.941
34;F24;Plant 2;9.572
34;F25;Plant 1;407.754
34;F25;Plant 3;456.271
34;F25;Plant 2;238.031
34;F26;Plant 1;1.320.180
34;F26;Plant 3;1.189.287
34;F26;Plant 2;64.275
34;F27;Plant 1;92.673
34;F27;Plant 3;27.916
34;F27;Plant 2;11.037
35;F1;Plant 1;916.659
35;F1;Plant 3;382.677
35;F1;Plant 2;221.604
35;F2;Plant 1;566.491
35;F2;Plant 3;488.926
35;F2;Plant 2;337.313
35;F3;Plant 1;1.057.284
35;F3;Plant 3;1.317.314
35;F3;Plant 2;41.826
35;F4;Plant 1;1.416.796
35;F4;Plant 3;553.494
35;F4;Plant 2;296.473
35;F5;Plant 1;1.722.787
35;F5;Plant 3;923.978
35;F5;Plant 2;1.021.372
35;F6;Plant 1;437.918
35;F6;Plant 3;134.347
35;F6;Plant 2;208.935
35;F7;Plant 1;1.024.374
35;F7;Plant 3;627.826
35;F7;Plant 2;208.311
35;F8;Plant 1;933.641
35;F8;Plant 3;222.558
35;F8;Plant 2;1.036
35;F9;Plant 1;517.494
35;F9;Plant 3;410.232
35;F9;Plant 2;129.796
35;F10;Plant 1;753.976
35;F10;Plant 3;129.897
35;F10;Plant 2;433.777
35;F30;Plant 1;1.754.919
35;F30;Plant 3;6.069.595
35;F30;Plant 2;518.554
35;F11;Plant 1;32.778
35;F11;Plant 3;303.192
35;F11;Plant 2;43.445
35;F12;Plant 1;11.671
35;F12;Plant 3;9.502
35;F12;Plant 2;33.766
35;F13;Plant 1;2.645.472
35;F13;Plant 3;1.509.483
35;F13;Plant 2;60.721
35;F29;Plant 1;7.395
35;F14;Plant 1;1.504.604
35;F14;Plant 3;623.194
35;F14;Plant 2;464.880
35;F15;Plant 1;984.719
35;F15;Plant 3;772.140
35;F15;Plant 2;11.294
35;F16;Plant 1;804.748
35;F16;Plant 3;583.233
35;F16;Plant 2;1.145.216
35;F17;Plant 1;401.386
35;F17;Plant 3;149.313
35;F17;Plant 2;260.616
35;F18;Plant 1;271.941
35;F18;Plant 3;185.061
35;F18;Plant 2;12.114
35;F19;Plant 1;1.071.377
35;F19;Plant 3;1.253.051
35;F19;Plant 2;187.875
35;F20;Plant 1;1.401.862
35;F20;Plant 3;989.840
35;F20;Plant 2;83.349
35;F22;Plant 1;1.553.228
35;F22;Plant 3;1.490.027
35;F22;Plant 2;197.467
35;F23;Plant 1;293.435
35;F23;Plant 3;73.326
35;F23;Plant 2;86.906
35;F24;Plant 1;537.377
35;F24;Plant 3;192.985
35;F24;Plant 2;11.543
35;F25;Plant 1;485.319
35;F25;Plant 3;522.436
35;F25;Plant 2;177.080
35;F26;Plant 1;1.611.457
35;F26;Plant 3;1.325.214
35;F26;Plant 2;47.327
35;F27;Plant 1;112.673
35;F27;Plant 3;34.823
35;F27;Plant 2;14.689
36;F1;Plant 1;345.901
36;F1;Plant 3;191.261
36;F1;Plant 2;104.287
36;F2;Plant 1;365.208
36;F2;Plant 3;255.267
36;F2;Plant 2;153.280
36;F3;Plant 1;684.597
36;F3;Plant 3;669.592
36;F3;Plant 2;28.577
36;F4;Plant 1;947.415
36;F4;Plant 3;288.232
36;F4;Plant 2;154.469
36;F5;Plant 1;1.155.851
36;F5;Plant 3;437.272
36;F5;Plant 2;557.267
36;F6;Plant 1;316.694
36;F6;Plant 3;61.886
36;F6;Plant 2;212.193
36;F7;Plant 1;684.315
36;F7;Plant 3;242.600
36;F7;Plant 2;68.742
36;F8;Plant 1;607.605
36;F8;Plant 3;112.437
36;F8;Plant 2;208
36;F9;Plant 1;240.826
36;F9;Plant 3;185.269
36;F9;Plant 2;70.907
36;F10;Plant 1;472.887
36;F10;Plant 3;64.247
36;F10;Plant 2;209.586
36;F30;Plant 1;1.130.946
36;F30;Plant 3;749.170
36;F30;Plant 2;209.557
36;F11;Plant 1;24.123
36;F11;Plant 3;91.685
36;F11;Plant 2;4.249
36;F12;Plant 1;6.029
36;F12;Plant 3;3.141
36;F12;Plant 2;34.166
36;F13;Plant 1;1.729.021
36;F13;Plant 3;708.960
36;F13;Plant 2;39.867
36;F29;Plant 1;6.604
36;F14;Plant 1;925.653
36;F14;Plant 3;324.853
36;F14;Plant 2;275.588
36;F15;Plant 1;543.683
36;F15;Plant 3;393.775
36;F15;Plant 2;23.974
36;F16;Plant 1;556.533
36;F16;Plant 3;293.003
36;F16;Plant 2;587.617
36;F17;Plant 1;220.448
36;F17;Plant 3;72.926
36;F17;Plant 2;160.574
36;F18;Plant 1;217.685
36;F18;Plant 3;106.624
36;F18;Plant 2;7.451
36;F19;Plant 1;692.313
36;F19;Plant 3;638.459
36;F19;Plant 2;111.468
36;F20;Plant 1;748.329
36;F20;Plant 3;499.747
36;F20;Plant 2;245.393
36;F22;Plant 1;867.244
36;F22;Plant 3;679.399
36;F22;Plant 2;94.947
36;F23;Plant 1;195.407
36;F23;Plant 3;34.340
36;F23;Plant 2;30.878
36;F24;Plant 1;397.728
36;F24;Plant 3;120.997
36;F24;Plant 2;19.514
36;F25;Plant 1;356.287
36;F25;Plant 3;290.596
36;F25;Plant 2;137.816
36;F26;Plant 1;994.173
36;F26;Plant 3;645.852
36;F26;Plant 2;35.261
36;F27;Plant 1;65.125
36;F27;Plant 3;15.578
36;F27;Plant 2;2.024
37;F1;Plant 1;464.340
37;F1;Plant 3;298.814
37;F1;Plant 2;238.532
37;F2;Plant 1;451.502
37;F2;Plant 3;421.538
37;F2;Plant 2;582.070
37;F3;Plant 1;708.357
37;F3;Plant 3;1.117.906
37;F3;Plant 2;42.697
37;F4;Plant 1;935.611
37;F4;Plant 3;490.427
37;F4;Plant 2;330.986
37;F5;Plant 1;1.572.621
37;F5;Plant 3;835.951
37;F5;Plant 2;937.944
37;F6;Plant 1;329.646
37;F6;Plant 3;104.812
37;F6;Plant 2;182.392
37;F7;Plant 1;806.223
37;F7;Plant 3;419.420
37;F7;Plant 2;105.319
37;F8;Plant 1;392.029
37;F8;Plant 3;186.278
37;F8;Plant 2;820
37;F9;Plant 1;122.628
37;F9;Plant 3;312.443
37;F9;Plant 2;147.716
37;F10;Plant 1;683.991
37;F10;Plant 3;141.414
37;F10;Plant 2;524.104
37;F30;Plant 1;1.520.628
37;F30;Plant 3;1.259.234
37;F30;Plant 2;492.030
37;F11;Plant 1;37.353
37;F11;Plant 3;251.904
37;F11;Plant 2;29.202
37;F12;Plant 1;45.721
37;F12;Plant 3;7.755
37;F12;Plant 2;41.109
37;F13;Plant 1;1.950.897
37;F13;Plant 3;1.091.372
37;F13;Plant 2;69.495
37;F29;Plant 1;5.518
37;F14;Plant 1;1.103.968
37;F14;Plant 3;503.195
37;F14;Plant 2;483.432
37;F15;Plant 1;647.595
37;F15;Plant 3;641.457
37;F15;Plant 2;22.129
37;F16;Plant 1;457.400
37;F16;Plant 3;504.459
37;F16;Plant 2;1.028.477
37;F17;Plant 1;304.802
37;F17;Plant 3;121.968
37;F17;Plant 2;272.547
37;F18;Plant 1;265.915
37;F18;Plant 3;148.222
37;F18;Plant 2;19.183
37;F19;Plant 1;1.025.804
37;F19;Plant 3;1.031.273
37;F19;Plant 2;160.577
37;F20;Plant 1;1.111.834
37;F20;Plant 3;845.359
37;F20;Plant 2;523.105
37;F22;Plant 1;1.225.200
37;F22;Plant 3;1.241.962
37;F22;Plant 2;152.702
37;F23;Plant 1;154.127
37;F23;Plant 3;57.410
37;F23;Plant 2;84.416
37;F24;Plant 1;447.051
37;F24;Plant 3;167.078
37;F24;Plant 2;12.915
37;F25;Plant 1;361.976
37;F25;Plant 3;407.299
37;F25;Plant 2;143.489
37;F26;Plant 1;1.304.599
37;F26;Plant 3;1.109.393
37;F26;Plant 2;50.621
37;F27;Plant 1;96.109
37;F27;Plant 3;30.942
37;F27;Plant 2;14.581
38;F1;Plant 1;488.437
38;F1;Plant 3;366.573
38;F1;Plant 2;223.390
38;F2;Plant 1;561.310
38;F2;Plant 3;507.454
38;F2;Plant 2;354.342
38;F3;Plant 1;855.324
38;F3;Plant 3;1.299.598
38;F3;Plant 2;52.283
38;F4;Plant 1;919.790
38;F4;Plant 3;551.202
38;F4;Plant 2;336.234
38;F5;Plant 1;1.536.966
38;F5;Plant 3;961.735
38;F5;Plant 2;863.866
38;F6;Plant 1;351.221
38;F6;Plant 3;126.745
38;F6;Plant 2;176.304
38;F7;Plant 1;795.861
38;F7;Plant 3;520.978
38;F7;Plant 2;144.260
38;F8;Plant 1;381.512
38;F8;Plant 3;209.877
38;F8;Plant 2;572
38;F9;Plant 1;88.192
38;F9;Plant 3;366.835
38;F9;Plant 2;133.020
38;F10;Plant 1;604.389
38;F10;Plant 3;120.235
38;F10;Plant 2;540.523
38;F30;Plant 1;1.389.058
38;F30;Plant 3;1.365.818
38;F30;Plant 2;597.608
38;F11;Plant 1;37.432
38;F11;Plant 3;239.936
38;F11;Plant 2;24.193
38;F12;Plant 1;38.794
38;F12;Plant 3;6.318
38;F12;Plant 2;40.556
38;F13;Plant 1;2.061.663
38;F13;Plant 3;1.402.781
38;F13;Plant 2;22.484
38;F29;Plant 1;2.510
38;F14;Plant 1;5.591.101
38;F14;Plant 3;593.407
38;F14;Plant 2;448.468
38;F15;Plant 1;490.351
38;F15;Plant 3;766.292
38;F15;Plant 2;28.105
38;F16;Plant 1;483.774
38;F16;Plant 3;589.430
38;F16;Plant 2;1.014.483
38;F17;Plant 1;311.757
38;F17;Plant 3;152.104
38;F17;Plant 2;272.048
38;F18;Plant 1;225.408
38;F18;Plant 3;181.635
38;F18;Plant 2;37.701
38;F19;Plant 1;1.031.690
38;F19;Plant 3;1.260.073
38;F19;Plant 2;142.826
38;F20;Plant 1;1.102.201
38;F20;Plant 3;1.004.310
38;F20;Plant 2;110.599
38;F22;Plant 1;1.297.492
38;F22;Plant 3;1.429.070
38;F22;Plant 2;144.599
38;F23;Plant 1;161.103
38;F23;Plant 3;72.206
38;F23;Plant 2;85.706
38;F24;Plant 1;441.378
38;F24;Plant 3;202.495
38;F24;Plant 2;9.563
38;F25;Plant 1;365.039
38;F25;Plant 3;494.908
38;F25;Plant 2;141.342
38;F26;Plant 1;1.197.019
38;F26;Plant 3;1.281.883
38;F26;Plant 2;70.730
38;F27;Plant 1;80.544
38;F27;Plant 3;30.388
38;F27;Plant 2;19.235
39;F1;Plant 1;190.889
39;F1;Plant 3;378.649
39;F1;Plant 2;243.558
39;F2;Plant 1;600.197
39;F2;Plant 3;928.026
39;F2;Plant 2;543.496
39;F3;Plant 1;1.031.245
39;F3;Plant 3;1.509.179
39;F3;Plant 2;53.697
39;F4;Plant 1;1.297.407
39;F4;Plant 3;581.763
39;F4;Plant 2;396.998
39;F5;Plant 1;1.969.232
39;F5;Plant 3;1.101.804
39;F5;Plant 2;798.196
39;F6;Plant 1;256.238
39;F6;Plant 3;149.994
39;F6;Plant 2;325.619
39;F7;Plant 1;35.267.115
39;F7;Plant 3;6.143.686
39;F7;Plant 2;176.185
39;F8;Plant 1;231.670
39;F8;Plant 3;253.094
39;F8;Plant 2;413
39;F9;Plant 1;123.804
39;F9;Plant 3;380.537
39;F9;Plant 2;152.347
39;F10;Plant 1;741.538
39;F10;Plant 3;135.607
39;F10;Plant 2;574.251
39;F30;Plant 1;1.711.302
39;F30;Plant 3;1.509.066
39;F30;Plant 2;613.044
39;F11;Plant 1;45.300
39;F11;Plant 3;246.355
39;F11;Plant 2;25.659
39;F12;Plant 1;59.972
39;F12;Plant 3;3.980
39;F12;Plant 2;39.552
39;F13;Plant 1;2.292.676
39;F13;Plant 3;1.447.791
39;F13;Plant 2;33.582
39;F29;Plant 1;11.214
39;F14;Plant 1;1.340.223
39;F14;Plant 3;702.300
39;F14;Plant 2;519.056
39;F15;Plant 1;617.212
39;F15;Plant 3;915.788
39;F15;Plant 2;26.823
39;F16;Plant 1;613.182
39;F16;Plant 3;653.401
39;F16;Plant 2;1.328.643
39;F17;Plant 1;376.005
39;F17;Plant 3;151.725
39;F17;Plant 2;299.770
39;F18;Plant 1;273.309
39;F18;Plant 3;156.934
39;F18;Plant 2;9.262
39;F19;Plant 1;1.221.885
39;F19;Plant 3;1.514.224
39;F19;Plant 2;186.659
39;F20;Plant 1;1.318.230
39;F20;Plant 3;1.151.079
39;F20;Plant 2;91.769
39;F22;Plant 1;1.549.724
39;F22;Plant 3;1.679.027
39;F22;Plant 2;131.323
39;F23;Plant 1;193.745
39;F23;Plant 3;46.317
39;F23;Plant 2;90.398
39;F24;Plant 1;697.727
39;F24;Plant 3;303.692
39;F24;Plant 2;37.485
39;F25;Plant 1;405.146
39;F25;Plant 3;508.349
39;F25;Plant 2;172.963
39;F26;Plant 1;1.612.106
39;F26;Plant 3;1.391.936
39;F26;Plant 2;107.036
39;F27;Plant 1;106.281
39;F27;Plant 3;45.185
39;F27;Plant 2;11.820
40;F1;Plant 1;171.063
40;F1;Plant 3;261.194
40;F1;Plant 2;163.479
40;F2;Plant 1;466.281
40;F2;Plant 3;480.120
40;F2;Plant 2;455.722
40;F3;Plant 1;852.663
40;F3;Plant 3;1.342.764
40;F3;Plant 2;43.017
40;F4;Plant 1;900.438
40;F4;Plant 3;463.353
40;F4;Plant 2;289.472
40;F5;Plant 1;1.398.120
40;F5;Plant 3;890.768
40;F5;Plant 2;565.051
40;F6;Plant 1;151.197
40;F6;Plant 3;123.573
40;F6;Plant 2;272.471
40;F7;Plant 1;698.926
40;F7;Plant 3;481.322
40;F7;Plant 2;130.740
40;F8;Plant 1;128.216
40;F8;Plant 3;222.379
40;F8;Plant 2;621
40;F9;Plant 1;80.500
40;F9;Plant 3;293.817
40;F9;Plant 2;87.757
40;F10;Plant 1;516.580
40;F10;Plant 3;79.987
40;F10;Plant 2;363.475
40;F30;Plant 1;1.306.671
40;F30;Plant 3;1.263.988
40;F30;Plant 2;464.192
40;F11;Plant 1;46.946
40;F11;Plant 3;257.398
40;F11;Plant 2;17.678
40;F12;Plant 1;54.301
40;F12;Plant 3;5.526
40;F12;Plant 2;42.360
40;F13;Plant 1;1.690.211
40;F13;Plant 3;1.254.245
40;F13;Plant 2;18.026
40;F29;Plant 1;6.726
40;F14;Plant 1;1.006.722
40;F14;Plant 3;573.416
40;F14;Plant 2;400.212
40;F15;Plant 1;408.984
40;F15;Plant 3;778.361
40;F15;Plant 2;29.361
40;F16;Plant 1;446.960
40;F16;Plant 3;567.184
40;F16;Plant 2;1.070.668
40;F17;Plant 1;258.869
40;F17;Plant 3;129.086
40;F17;Plant 2;181.959
40;F18;Plant 1;206.699
40;F18;Plant 3;144.003
40;F18;Plant 2;11.272
40;F19;Plant 1;872.785
40;F19;Plant 3;1.264.097
40;F19;Plant 2;132.876
40;F20;Plant 1;954.571
40;F20;Plant 3;962.485
40;F20;Plant 2;56.310
40;F22;Plant 1;1.228.982
40;F22;Plant 3;1.548.978
40;F22;Plant 2;117.900
40;F23;Plant 1;131.257
40;F23;Plant 3;18.486
40;F23;Plant 2;47.196
40;F24;Plant 1;482.670
40;F24;Plant 3;174.935
40;F24;Plant 2;60.564
40;F25;Plant 1;291.990
40;F25;Plant 3;448.362
40;F25;Plant 2;158.663
40;F26;Plant 1;1.210.198
40;F26;Plant 3;1.229.570
40;F26;Plant 2;117.901
40;F27;Plant 1;72.771
40;F27;Plant 3;35.066
40;F27;Plant 2;16.618
41;F1;Plant 1;414.962
41;F1;Plant 3;326.338
41;F1;Plant 2;221.962
41;F2;Plant 1;635.527
41;F2;Plant 3;581.602
41;F2;Plant 2;547.677
41;F3;Plant 1;1.259.614
41;F3;Plant 3;1.515.376
41;F3;Plant 2;50.304
41;F4;Plant 1;1.269.739
41;F4;Plant 3;549.954
41;F4;Plant 2;333.148
41;F5;Plant 1;2.069.891
41;F5;Plant 3;1.128.317
41;F5;Plant 2;771.556
41;F6;Plant 1;267.682
41;F6;Plant 3;154.240
41;F6;Plant 2;235.408
41;F7;Plant 1;588.771
41;F7;Plant 3;487.316
41;F7;Plant 2;192.145
41;F8;Plant 1;254.090
41;F8;Plant 3;258.822
41;F8;Plant 2;414
41;F9;Plant 1;133.973
41;F9;Plant 3;392.280
41;F9;Plant 2;126.539
41;F10;Plant 1;751.436
41;F10;Plant 3;79.839
41;F10;Plant 2;568.273
41;F30;Plant 1;1.466.144
41;F30;Plant 3;1.298.003
41;F30;Plant 2;430.769
41;F11;Plant 1;62.140
41;F11;Plant 3;219.860
41;F11;Plant 2;23.857
41;F12;Plant 1;88.295
41;F12;Plant 3;6.164
41;F12;Plant 2;40.595
41;F13;Plant 1;2.557.039
41;F13;Plant 3;1.396.024
41;F13;Plant 2;39.387
41;F29;Plant 1;9.473
41;F14;Plant 1;1.376.331
41;F14;Plant 3;690.929
41;F14;Plant 2;484.510
41;F15;Plant 1;653.259
41;F15;Plant 3;896.456
41;F15;Plant 2;20.031
41;F16;Plant 1;653.357
41;F16;Plant 3;708.557
41;F16;Plant 2;1.249.475
41;F17;Plant 1;415.454
41;F17;Plant 3;166.837
41;F17;Plant 2;287.904
41;F18;Plant 1;343.784
41;F18;Plant 3;97.127
41;F18;Plant 2;12.525
41;F19;Plant 1;1.170.279
41;F19;Plant 3;1.552.204
41;F19;Plant 2;149.374
41;F20;Plant 1;1.244.780
41;F20;Plant 3;1.101.777
41;F20;Plant 2;79.881
41;F22;Plant 1;2.235.882
41;F22;Plant 3;1.819.271
41;F22;Plant 2;164.416
41;F23;Plant 1;185.662
41;F23;Plant 3;22.813
41;F23;Plant 2;76.491
41;F24;Plant 1;678.455
41;F24;Plant 3;225.257
41;F24;Plant 2;22.295
41;F25;Plant 1;466.921
41;F25;Plant 3;492.720
41;F25;Plant 2;213.883
41;F26;Plant 1;1.611.749
41;F26;Plant 3;1.389.115
41;F26;Plant 2;106.010
41;F27;Plant 1;92.524
41;F27;Plant 3;51.223
41;F27;Plant 2;13.577
42;F1;Plant 1;267.935
42;F1;Plant 3;279.967
42;F1;Plant 2;217.591
42;F2;Plant 1;522.746
42;F2;Plant 3;570.263
42;F2;Plant 2;474.680
42;F3;Plant 1;834.188
42;F3;Plant 3;1.476.788
42;F3;Plant 2;52.643
42;F4;Plant 1;945.368
42;F4;Plant 3;544.805
42;F4;Plant 2;338.584
42;F5;Plant 1;1.449.187
42;F5;Plant 3;956.271
42;F5;Plant 2;834.399
42;F6;Plant 1;190.100
42;F6;Plant 3;140.261
42;F6;Plant 2;222.527
42;F7;Plant 1;397.009
42;F7;Plant 3;450.510
42;F7;Plant 2;175.469
42;F8;Plant 1;241.037
42;F8;Plant 3;233.331
42;F8;Plant 2;413
42;F9;Plant 1;92.378
42;F9;Plant 3;327.350
42;F9;Plant 2;156.771
42;F10;Plant 1;567.334
42;F10;Plant 3;104.057
42;F10;Plant 2;416.251
42;F30;Plant 1;1.434.756
42;F30;Plant 3;1.470.068
42;F30;Plant 2;392.896
42;F11;Plant 1;48.956
42;F11;Plant 3;282.461
42;F11;Plant 2;33.220
42;F12;Plant 1;55.282
42;F12;Plant 3;9.254
42;F12;Plant 2;28.349
42;F13;Plant 1;1.861.363
42;F13;Plant 3;1.463.808
42;F13;Plant 2;24.864
42;F29;Plant 1;8.534
42;F14;Plant 1;1.051.441
42;F14;Plant 3;612.837
42;F14;Plant 2;418.759
42;F15;Plant 1;446.950
42;F15;Plant 3;849.835
42;F15;Plant 2;35.434
42;F16;Plant 1;445.335
42;F16;Plant 3;658.376
42;F16;Plant 2;1.087.192
42;F17;Plant 1;299.113
42;F17;Plant 3;159.499
42;F17;Plant 2;252.942
42;F18;Plant 1;202.757
42;F18;Plant 3;108.859
42;F18;Plant 2;8.078
42;F19;Plant 1;1.019.002
42;F19;Plant 3;1.524.185
42;F19;Plant 2;152.116
42;F20;Plant 1;1.047.025
42;F20;Plant 3;1.118.121
42;F20;Plant 2;81.842
42;F22;Plant 1;1.400.634
42;F22;Plant 3;1.539.363
42;F22;Plant 2;158.105
42;F23;Plant 1;140.990
42;F23;Plant 3;29.306
42;F23;Plant 2;100.769
42;F24;Plant 1;534.897
42;F24;Plant 3;191.535
42;F24;Plant 2;23.901
42;F25;Plant 1;271.511
42;F25;Plant 3;441.322
42;F25;Plant 2;191.268
42;F26;Plant 1;1.146.986
42;F26;Plant 3;1.353.893
42;F26;Plant 2;76.715
42;F27;Plant 1;92.144
42;F27;Plant 3;53.701
42;F27;Plant 2;26.326
43;F1;Plant 1;344.351
43;F1;Plant 3;353.535
43;F1;Plant 2;256.875
43;F2;Plant 1;573.054
43;F2;Plant 3;626.008
43;F2;Plant 2;323.393
43;F3;Plant 1;1.137.817
43;F3;Plant 3;1.542.650
43;F3;Plant 2;42.538
43;F4;Plant 1;1.194.870
43;F4;Plant 3;545.658
43;F4;Plant 2;337.916
43;F5;Plant 1;1.741.405
43;F5;Plant 3;1.016.457
43;F5;Plant 2;852.361
43;F6;Plant 1;224.081
43;F6;Plant 3;138.863
43;F6;Plant 2;232.089
43;F7;Plant 1;393.593
43;F7;Plant 3;503.238
43;F7;Plant 2;127.811
43;F8;Plant 1;343.677
43;F8;Plant 3;277.653
43;F8;Plant 2;621
43;F9;Plant 1;114.310
43;F9;Plant 3;363.626
43;F9;Plant 2;134.248
43;F10;Plant 1;662.842
43;F10;Plant 3;115.702
43;F10;Plant 2;477.272
43;F30;Plant 1;1.730.102
43;F30;Plant 3;1.669.856
43;F30;Plant 2;499.759
43;F11;Plant 1;58.270
43;F11;Plant 3;317.356
43;F11;Plant 2;15.270
43;F12;Plant 1;61.606
43;F12;Plant 3;10.073
43;F12;Plant 2;29.995
43;F13;Plant 1;2.196.938
43;F13;Plant 3;1.746.385
43;F13;Plant 2;41.223
43;F29;Plant 1;19.608
43;F14;Plant 1;1.078.356
43;F14;Plant 3;669.636
43;F14;Plant 2;388.892
43;F15;Plant 1;499.439
43;F15;Plant 3;885.495
43;F15;Plant 2;20.312
43;F16;Plant 1;562.559
43;F16;Plant 3;691.181
43;F16;Plant 2;1.080.347
43;F17;Plant 1;420.709
43;F17;Plant 3;155.876
43;F17;Plant 2;289.234
43;F18;Plant 1;161.933
43;F18;Plant 3;83.570
43;F18;Plant 2;9.823
43;F19;Plant 1;1.210.274
43;F19;Plant 3;1.628.272
43;F19;Plant 2;157.251
43;F20;Plant 1;1.301.145
43;F20;Plant 3;1.069.388
43;F20;Plant 2;156.221
43;F22;Plant 1;1.608.773
43;F22;Plant 3;1.848.614
43;F22;Plant 2;98.429
43;F23;Plant 1;206.473
43;F23;Plant 3;16.239
43;F23;Plant 2;68.539
43;F24;Plant 1;545.186
43;F24;Plant 3;247.827
43;F24;Plant 2;34.537
43;F25;Plant 1;314.125
43;F25;Plant 3;505.977
43;F25;Plant 2;229.451
43;F26;Plant 1;1.326.232
43;F26;Plant 3;1.424.076
43;F26;Plant 2;63.009
43;F27;Plant 1;71.909
43;F27;Plant 3;55.226
43;F27;Plant 2;28.092
44;F1;Plant 1;198.918
44;F1;Plant 3;401.364
44;F1;Plant 2;222.944
44;F2;Plant 1;401.902
44;F2;Plant 3;686.474
44;F2;Plant 2;417.799
44;F3;Plant 1;1.182.051
44;F3;Plant 3;1.672.824
44;F3;Plant 2;51.557
44;F4;Plant 1;720.213
44;F4;Plant 3;630.339
44;F4;Plant 2;377.426
44;F5;Plant 1;1.315.739
44;F5;Plant 3;1.103.039
44;F5;Plant 2;708.281
44;F6;Plant 1;137.221
44;F6;Plant 3;173.016
44;F6;Plant 2;250.521
44;F7;Plant 1;254.503
44;F7;Plant 3;552.317
44;F7;Plant 2;189.022
44;F8;Plant 1;231.399
44;F8;Plant 3;275.896
44;F8;Plant 2;413
44;F9;Plant 1;75.974
44;F9;Plant 3;375.440
44;F9;Plant 2;131.639
44;F10;Plant 1;363.440
44;F10;Plant 3;133.654
44;F10;Plant 2;266.163
44;F30;Plant 1;847.725
44;F30;Plant 3;1.848.068
44;F30;Plant 2;528.701
44;F11;Plant 1;34.737
44;F11;Plant 3;307.523
44;F11;Plant 2;21.552
44;F12;Plant 1;28.658
44;F12;Plant 3;7.488
44;F12;Plant 2;31.402
44;F13;Plant 1;1.442.551
44;F13;Plant 3;2.093.274
44;F13;Plant 2;49.971
44;F29;Plant 1;14.428
44;F14;Plant 1;957.084
44;F14;Plant 3;775.568
44;F14;Plant 2;339.720
44;F15;Plant 1;522.545
44;F15;Plant 3;971.344
44;F15;Plant 2;28.981
44;F16;Plant 1;455.688
44;F16;Plant 3;733.645
44;F16;Plant 2;1.114.518
44;F17;Plant 1;367.040
44;F17;Plant 3;160.169
44;F17;Plant 2;198.797
44;F18;Plant 1;137.277
44;F18;Plant 3;109.805
44;F18;Plant 2;12.100
44;F19;Plant 1;789.132
44;F19;Plant 3;1.780.057
44;F19;Plant 2;112.823
44;F20;Plant 1;942.446
44;F20;Plant 3;1.167.087
44;F20;Plant 2;112.257
44;F22;Plant 1;1.049.755
44;F22;Plant 3;1.748.094
44;F22;Plant 2;121.660
44;F23;Plant 1;143.364
44;F23;Plant 3;19.886
44;F23;Plant 2;23.346
44;F24;Plant 1;483.603
44;F24;Plant 3;269.357
44;F24;Plant 2;42.886
44;F25;Plant 1;275.130
44;F25;Plant 3;532.651
44;F25;Plant 2;214.985
44;F26;Plant 1;1.002.378
44;F26;Plant 3;1.607.049
44;F26;Plant 2;40.947
44;F27;Plant 1;68.976
44;F27;Plant 3;57.045
44;F27;Plant 2;26.667
45;F1;Plant 1;355.298
45;F1;Plant 3;362.867
45;F1;Plant 2;245.590
45;F2;Plant 1;554.962
45;F2;Plant 3;592.226
45;F2;Plant 2;486.875
45;F3;Plant 1;1.396.341
45;F3;Plant 3;1.403.992
45;F3;Plant 2;59.918
45;F4;Plant 1;1.317.381
45;F4;Plant 3;615.180
45;F4;Plant 2;401.981
45;F5;Plant 1;1.909.276
45;F5;Plant 3;1.128.534
45;F5;Plant 2;843.658
45;F6;Plant 1;224.529
45;F6;Plant 3;146.368
45;F6;Plant 2;199.063
45;F7;Plant 1;510.265
45;F7;Plant 3;500.516
45;F7;Plant 2;183.159
45;F8;Plant 1;420.253
45;F8;Plant 3;219.100
45;F8;Plant 2;412
45;F9;Plant 1;211.838
45;F9;Plant 3;370.915
45;F9;Plant 2;207.692
45;F10;Plant 1;808.341
45;F10;Plant 3;135.743
45;F10;Plant 2;502.921
45;F30;Plant 1;1.824.186
45;F30;Plant 3;1.671.628
45;F30;Plant 2;371.218
45;F11;Plant 1;65.285
45;F11;Plant 3;323.038
45;F11;Plant 2;27.979
45;F12;Plant 1;64.659
45;F12;Plant 3;8.263
45;F12;Plant 2;38.834
45;F13;Plant 1;2.436.955
45;F13;Plant 3;1.247.828
45;F13;Plant 2;24.542
45;F29;Plant 1;24.569
45;F14;Plant 1;1.372.037
45;F14;Plant 3;582.748
45;F14;Plant 2;398.007
45;F15;Plant 1;567.089
45;F15;Plant 3;858.770
45;F15;Plant 2;6.505
45;F16;Plant 1;2.030.631
45;F16;Plant 3;667.971
45;F16;Plant 2;1.010.534
45;F17;Plant 1;461.277
45;F17;Plant 3;148.518
45;F17;Plant 2;263.988
45;F18;Plant 1;243.655
45;F18;Plant 3;90.221
45;F18;Plant 2;11.121
45;F19;Plant 1;1.231.490
45;F19;Plant 3;1.482.109
45;F19;Plant 2;137.208
45;F20;Plant 1;1.170.626
45;F20;Plant 3;1.075.179
45;F20;Plant 2;124.777
45;F22;Plant 1;1.673.715
45;F22;Plant 3;1.522.417
45;F22;Plant 2;83.850
45;F23;Plant 1;226.403
45;F23;Plant 3;20.940
45;F23;Plant 2;89.805
45;F24;Plant 1;613.625
45;F24;Plant 3;204.295
45;F24;Plant 2;15.482
45;F25;Plant 1;321.013
45;F25;Plant 3;331.158
45;F25;Plant 2;210.790
45;F26;Plant 1;1.571.350
45;F26;Plant 3;1.381.674
45;F26;Plant 2;44.230
45;F27;Plant 1;95.789
45;F27;Plant 3;45.200
45;F27;Plant 2;32.625
46;F1;Plant 1;373.889
46;F1;Plant 3;363.816
46;F1;Plant 2;249.510
46;F2;Plant 1;537.678
46;F2;Plant 3;541.345
46;F2;Plant 2;434.623
46;F3;Plant 1;1.360.830
46;F3;Plant 3;2.263.643
46;F3;Plant 2;50.239
46;F4;Plant 1;1.247.245
46;F4;Plant 3;528.843
46;F4;Plant 2;357.065
46;F5;Plant 1;1.959.553
46;F5;Plant 3;1.011.662
46;F5;Plant 2;922.327
46;F6;Plant 1;208.421
46;F6;Plant 3;144.346
46;F6;Plant 2;189.046
46;F7;Plant 1;475.342
46;F7;Plant 3;518.161
46;F7;Plant 2;155.348
46;F8;Plant 1;387.029
46;F8;Plant 3;230.180
46;F8;Plant 2;412
46;F9;Plant 1;143.109
46;F9;Plant 3;318.319
46;F9;Plant 2;158.905
46;F10;Plant 1;808.845
46;F10;Plant 3;110.843
46;F10;Plant 2;467.620
46;F11;Plant 1;69.697
46;F11;Plant 3;256.148
46;F11;Plant 2;22.208
46;F12;Plant 1;64.101
46;F12;Plant 3;19.602
46;F12;Plant 2;49.065
46;F30;Plant 1;1.662.071
46;F30;Plant 3;1.322.037
46;F30;Plant 2;439.364
46;F13;Plant 1;2.408.805
46;F13;Plant 3;1.393.250
46;F13;Plant 2;52.998
46;F29;Plant 1;21.901
46;F29;Plant 3;869
46;F29;Plant 2;308
46;F14;Plant 1;1.399.850
46;F14;Plant 3;532.330
46;F14;Plant 2;405.748
46;F15;Plant 1;547.705
46;F15;Plant 3;851.755
46;F15;Plant 2;42.270
46;F16;Plant 1;620.463
46;F16;Plant 3;735.439
46;F16;Plant 2;952.431
46;F17;Plant 1;442.516
46;F17;Plant 3;180.644
46;F17;Plant 2;279.605
46;F18;Plant 1;231.666
46;F18;Plant 3;126.192
46;F18;Plant 2;8.903
46;F19;Plant 1;1.314.522
46;F19;Plant 3;1.620.423
46;F19;Plant 2;105.832
46;F20;Plant 1;1.171.017
46;F20;Plant 3;1.078.943
46;F20;Plant 2;161.764
46;F22;Plant 1;1.596.231
46;F22;Plant 3;1.467.305
46;F22;Plant 2;136.914
46;F23;Plant 1;196.588
46;F23;Plant 3;24.173
46;F23;Plant 2;64.933
46;F24;Plant 1;568.876
46;F24;Plant 3;230.882
46;F24;Plant 2;7.748
46;F25;Plant 1;311.465
46;F25;Plant 3;345.580
46;F25;Plant 2;155.468
46;F26;Plant 1;1.327.156
46;F26;Plant 3;1.322.582
46;F26;Plant 2;47.556
46;F27;Plant 1;106.126
46;F27;Plant 3;45.348
46;F27;Plant 2;22.332
47;F1;Plant 1;400.254
47;F1;Plant 3;355.524
47;F1;Plant 2;262.595
47;F2;Plant 1;616.749
47;F2;Plant 3;603.204
47;F2;Plant 2;472.766
47;F3;Plant 1;1.331.273
47;F3;Plant 3;1.428.535
47;F3;Plant 2;54.677
47;F4;Plant 1;1.235.944
47;F4;Plant 3;515.653
47;F4;Plant 2;415.173
47;F5;Plant 1;1.998.229
47;F5;Plant 3;1.042.330
47;F5;Plant 2;1.190.741
47;F6;Plant 1;229.141
47;F6;Plant 3;125.335
47;F6;Plant 2;241.239
47;F7;Plant 1;492.987
47;F7;Plant 3;476.812
47;F7;Plant 2;165.784
47;F8;Plant 1;449.147
47;F8;Plant 3;229.040
47;F8;Plant 2;618
47;F9;Plant 1;135.727
47;F9;Plant 3;351.286
47;F9;Plant 2;212.868
47;F10;Plant 1;819.346
47;F10;Plant 3;117.139
47;F10;Plant 2;476.100
47;F11;Plant 1;75.944
47;F11;Plant 3;322.357
47;F11;Plant 2;29.957
47;F12;Plant 1;62.266
47;F12;Plant 3;6.579
47;F12;Plant 2;44.927
47;F30;Plant 1;1.903.298
47;F30;Plant 3;1.551.008
47;F30;Plant 2;582.709
47;F13;Plant 1;2.568.117
47;F13;Plant 3;1.372.747
47;F13;Plant 2;34.912
47;F29;Plant 1;25.675
47;F14;Plant 1;1.471.884
47;F14;Plant 3;2.559.404
47;F14;Plant 2;471.816
47;F15;Plant 1;587.318
47;F15;Plant 3;839.467
47;F15;Plant 2;10.218
47;F16;Plant 1;666.156
47;F16;Plant 3;737.411
47;F16;Plant 2;1.121.613
47;F17;Plant 1;446.969
47;F17;Plant 3;147.064
47;F17;Plant 2;326.008
47;F18;Plant 1;232.459
47;F18;Plant 3;207.768
47;F18;Plant 2;13.960
47;F19;Plant 1;1.516.271
47;F19;Plant 3;1.560.703
47;F19;Plant 2;131.629
47;F20;Plant 1;1.254.941
47;F20;Plant 3;985.019
47;F20;Plant 2;178.507
47;F22;Plant 1;1.792.243
47;F22;Plant 3;1.744.844
47;F22;Plant 2;211.696
47;F23;Plant 1;198.797
47;F23;Plant 3;57.768
47;F23;Plant 2;93.530
47;F24;Plant 1;563.643
47;F24;Plant 3;286.037
47;F24;Plant 2;15.275
47;F25;Plant 1;348.152
47;F25;Plant 3;345.760
47;F25;Plant 2;272.101
47;F26;Plant 1;1.337.942
47;F26;Plant 3;1.392.254
47;F26;Plant 2;47.164
47;F27;Plant 1;107.552
47;F27;Plant 3;60.551
47;F27;Plant 2;34.760
48;F1;Plant 1;231.923
48;F1;Plant 3;226.196
48;F1;Plant 2;134.206
48;F2;Plant 1;413.196
48;F2;Plant 3;442.900
48;F2;Plant 2;291.829
48;F3;Plant 1;967.233
48;F3;Plant 3;933.642
48;F3;Plant 2;33.926
48;F4;Plant 1;777.773
48;F4;Plant 3;317.075
48;F4;Plant 2;182.190
48;F5;Plant 1;1.210.439
48;F5;Plant 3;741.784
48;F5;Plant 2;678.378
48;F6;Plant 1;160.989
48;F6;Plant 3;94.417
48;F6;Plant 2;167.318
48;F7;Plant 1;282.885
48;F7;Plant 3;313.881
48;F7;Plant 2;127.460
48;F8;Plant 1;255.235
48;F8;Plant 3;165.916
48;F8;Plant 2;1.139
48;F9;Plant 1;84.847
48;F9;Plant 3;197.900
48;F9;Plant 2;102.222
48;F10;Plant 1;469.684
48;F10;Plant 3;205.304
48;F10;Plant 2;311.160
48;F11;Plant 1;42.618
48;F11;Plant 3;145.641
48;F11;Plant 2;24.012
48;F12;Plant 1;49.193
48;F12;Plant 3;3.369
48;F12;Plant 2;25.726
48;F30;Plant 1;1.118.265
48;F30;Plant 3;1.184.821
48;F30;Plant 2;404.415
48;F13;Plant 1;1.663.374
48;F13;Plant 3;984.291
48;F13;Plant 2;34.202
48;F29;Plant 1;8.925
48;F29;Plant 3;6.831
48;F14;Plant 1;921.933
48;F14;Plant 3;1.785.756
48;F14;Plant 2;297.668
48;F15;Plant 1;427.392
48;F15;Plant 3;576.184
48;F15;Plant 2;11.055
48;F16;Plant 1;401.967
48;F16;Plant 3;437.236
48;F16;Plant 2;588.500
48;F17;Plant 1;302.014
48;F17;Plant 3;129.116
48;F17;Plant 2;207.134
48;F18;Plant 1;163.250
48;F18;Plant 3;63.195
48;F18;Plant 2;5.492
48;F19;Plant 1;884.034
48;F19;Plant 3;916.824
48;F19;Plant 2;100.169
48;F20;Plant 1;772.670
48;F20;Plant 3;628.932
48;F20;Plant 2;139.736
48;F22;Plant 1;964.081
48;F22;Plant 3;1.172.674
48;F22;Plant 2;126.409
48;F23;Plant 1;151.159
48;F23;Plant 3;24.037
48;F23;Plant 2;65.222
48;F24;Plant 1;390.535
48;F24;Plant 3;137.042
48;F24;Plant 2;3.094
48;F25;Plant 1;229.983
48;F25;Plant 3;220.667
48;F25;Plant 2;135.283
48;F26;Plant 1;899.430
48;F26;Plant 3;877.150
48;F26;Plant 2;37.741
48;F27;Plant 1;41.327
48;F27;Plant 3;33.376
48;F27;Plant 2;19.116
49;F1;Plant 1;193.215
49;F1;Plant 3;261.234
49;F1;Plant 2;254.302
49;F2;Plant 1;494.215
49;F2;Plant 3;508.895
49;F2;Plant 2;575.873
49;F3;Plant 1;1.291.757
49;F3;Plant 3;1.239.678
49;F3;Plant 2;61.955
49;F4;Plant 1;1.018.294
49;F4;Plant 3;436.300
49;F4;Plant 2;424.814
49;F5;Plant 1;1.541.065
49;F5;Plant 3;921.599
49;F5;Plant 2;1.081.794
49;F6;Plant 1;187.164
49;F6;Plant 3;102.553
49;F6;Plant 2;221.324
49;F7;Plant 1;399.670
49;F7;Plant 3;360.632
49;F7;Plant 2;200.495
49;F8;Plant 1;343.787
49;F8;Plant 3;214.393
49;F8;Plant 2;750
49;F9;Plant 1;101.278
49;F9;Plant 3;291.912
49;F9;Plant 2;192.193
49;F10;Plant 1;575.950
49;F10;Plant 3;331.308
49;F10;Plant 2;437.273
49;F11;Plant 1;67.050
49;F11;Plant 3;412.145
49;F11;Plant 2;44.612
49;F12;Plant 1;65.301
49;F12;Plant 3;5.028
49;F12;Plant 2;23.190
49;F30;Plant 1;1.794.297
49;F30;Plant 3;1.749.209
49;F30;Plant 2;548.363
49;F13;Plant 1;2.038.475
49;F13;Plant 3;1.262.101
49;F13;Plant 2;61.630
49;F29;Plant 1;20.250
49;F14;Plant 1;1.206.186
49;F14;Plant 3;1.159.776
49;F14;Plant 2;487.464
49;F15;Plant 1;602.414
49;F15;Plant 3;710.196
49;F15;Plant 2;34.100
49;F16;Plant 1;542.467
49;F16;Plant 3;564.921
49;F16;Plant 2;1.043.976
49;F17;Plant 1;369.554
49;F17;Plant 3;80.493
49;F17;Plant 2;317.052
49;F18;Plant 1;330.520
49;F18;Plant 3;123.689
49;F18;Plant 2;12.929
49;F19;Plant 1;1.122.201
49;F19;Plant 3;1.062.534
49;F19;Plant 2;156.624
49;F20;Plant 1;1.129.726
49;F20;Plant 3;890.336
49;F20;Plant 2;155.798
49;F22;Plant 1;1.427.097
49;F22;Plant 3;1.555.095
49;F22;Plant 2;162.580
49;F23;Plant 1;144.740
49;F23;Plant 3;26.174
49;F23;Plant 2;78.620
49;F24;Plant 1;467.517
49;F24;Plant 3;191.129
49;F24;Plant 2;7.430
49;F25;Plant 1;314.370
49;F25;Plant 3;278.745
49;F25;Plant 2;163.767
49;F26;Plant 1;1.596.404
49;F26;Plant 3;1.197.237
49;F26;Plant 2;51.051
49;F27;Plant 1;89.939
49;F27;Plant 3;43.981
49;F27;Plant 2;44.861
50;F1;Plant 1;219.391
50;F1;Plant 3;347.318
50;F1;Plant 2;231.142
50;F2;Plant 1;494.520
50;F2;Plant 3;533.144
50;F2;Plant 2;583.912
50;F3;Plant 1;1.244.142
50;F3;Plant 3;1.372.567
50;F3;Plant 2;45.760
50;F4;Plant 1;1.074.103
50;F4;Plant 3;571.963
50;F4;Plant 2;367.103
50;F5;Plant 1;1.422.403
50;F5;Plant 3;1.071.839
50;F5;Plant 2;905.289
50;F6;Plant 1;201.386
50;F6;Plant 3;131.524
50;F6;Plant 2;150.085
50;F7;Plant 1;427.759
50;F7;Plant 3;489.554
50;F7;Plant 2;170.458
50;F8;Plant 1;322.623
50;F8;Plant 3;230.309
50;F8;Plant 2;374
50;F9;Plant 1;89.943
50;F9;Plant 3;356.048
50;F9;Plant 2;207.446
50;F10;Plant 1;567.734
50;F10;Plant 3;407.490
50;F10;Plant 2;473.837
50;F11;Plant 1;57.638
50;F11;Plant 3;324.379
50;F11;Plant 2;37.914
50;F12;Plant 1;31.303
50;F12;Plant 3;4.142
50;F12;Plant 2;38.239
50;F30;Plant 1;1.628.484
50;F30;Plant 3;2.081.880
50;F30;Plant 2;513.272
50;F13;Plant 1;1.897.427
50;F13;Plant 3;1.539.091
50;F13;Plant 2;70.322
50;F29;Plant 1;22.660
50;F29;Plant 3;916
50;F29;Plant 2;1.145
50;F14;Plant 1;1.158.371
50;F14;Plant 3;613.471
50;F14;Plant 2;455.236
50;F15;Plant 1;624.523
50;F15;Plant 3;812.111
50;F15;Plant 2;11.035
50;F16;Plant 1;492.147
50;F16;Plant 3;616.455
50;F16;Plant 2;936.758
50;F17;Plant 1;326.148
50;F17;Plant 3;103.703
50;F17;Plant 2;268.739
50;F18;Plant 1;325.253
50;F18;Plant 3;179.532
50;F18;Plant 2;10.334
50;F19;Plant 1;1.171.565
50;F19;Plant 3;1.335.447
50;F19;Plant 2;146.620
50;F20;Plant 1;1.143.488
50;F20;Plant 3;1.032.314
50;F20;Plant 2;108.831
50;F22;Plant 1;1.354.988
50;F22;Plant 3;1.910.890
50;F22;Plant 2;180.208
50;F23;Plant 1;144.110
50;F23;Plant 3;91.760
50;F23;Plant 2;94.325
50;F24;Plant 1;442.016
50;F24;Plant 3;219.552
50;F24;Plant 2;8.523
50;F25;Plant 1;285.725
50;F25;Plant 3;413.303
50;F25;Plant 2;182.839
50;F26;Plant 1;1.127.398
50;F26;Plant 3;1.372.914
50;F26;Plant 2;105.009
50;F27;Plant 1;89.996
50;F27;Plant 3;45.492
50;F27;Plant 2;31.779
51;F1;Plant 1;256.873
51;F1;Plant 3;364.886
51;F1;Plant 2;262.202
51;F2;Plant 1;833.382
51;F2;Plant 3;583.726
51;F2;Plant 2;667.202
51;F3;Plant 1;1.351.172
51;F3;Plant 3;1.443.244
51;F3;Plant 2;65.316
51;F4;Plant 1;1.369.856
51;F4;Plant 3;590.765
51;F4;Plant 2;382.579
51;F5;Plant 1;1.669.343
51;F5;Plant 3;1.242.836
51;F5;Plant 2;1.137.891
51;F6;Plant 1;279.561
51;F6;Plant 3;153.124
51;F6;Plant 2;282.038
51;F7;Plant 1;611.301
51;F7;Plant 3;572.643
51;F7;Plant 2;201.934
51;F8;Plant 1;445.014
51;F8;Plant 3;247.915
51;F8;Plant 2;748
51;F9;Plant 1;117.291
51;F9;Plant 3;381.697
51;F9;Plant 2;246.054
51;F10;Plant 1;788.458
51;F10;Plant 3;442.812
51;F10;Plant 2;550.495
51;F11;Plant 1;69.608
51;F11;Plant 3;3.122.505
51;F11;Plant 2;62.647
51;F12;Plant 1;17.021
51;F12;Plant 3;3.261
51;F12;Plant 2;29.039
51;F30;Plant 1;2.327.718
51;F30;Plant 3;1.753.687
51;F30;Plant 2;653.628
51;F13;Plant 1;2.441.648
51;F13;Plant 3;2.433.249
51;F13;Plant 2;58.769
51;F29;Plant 1;22.196
51;F29;Plant 3;3.318
51;F29;Plant 2;3.056
51;F14;Plant 1;1.458.619
51;F14;Plant 3;2.485.492
51;F14;Plant 2;541.459
51;F15;Plant 1;868.701
51;F15;Plant 3;897.766
51;F15;Plant 2;38.027
51;F16;Plant 1;693.127
51;F16;Plant 3;761.256
51;F16;Plant 2;1.082.375
51;F17;Plant 1;408.807
51;F17;Plant 3;151.254
51;F17;Plant 2;387.575
51;F18;Plant 1;306.991
51;F18;Plant 3;152.856
51;F18;Plant 2;11.632
51;F19;Plant 1;1.423.412
51;F19;Plant 3;1.573.182
51;F19;Plant 2;146.997
51;F20;Plant 1;1.632.610
51;F20;Plant 3;1.211.635
51;F20;Plant 2;203.162
51;F22;Plant 1;1.599.956
51;F22;Plant 3;2.104.710
51;F22;Plant 2;161.209
51;F23;Plant 1;202.983
51;F23;Plant 3;89.166
51;F23;Plant 2;95.939
51;F24;Plant 1;546.089
51;F24;Plant 3;235.092
51;F24;Plant 2;17.516
51;F25;Plant 1;372.154
51;F25;Plant 3;426.222
51;F25;Plant 2;180.550
51;F26;Plant 1;1.450.588
51;F26;Plant 3;1.482.189
51;F26;Plant 2;67.794
51;F27;Plant 1;113.911
51;F27;Plant 3;28.128
51;F27;Plant 2;39.360
